item,category
BUTTER,
BUTTER,
BUTTER OIL,
CHEESE,
CHEESE,
CHEESE,
CHEESE,
CHEESE,
CHEESE,
CHEESE,
CHEESE,
CHEESE,
CHEESE,
CHEESE,
CHEESE,
CHEESE,
CHEESE,
CHEESE,
CHEESE,
CHEESE,
CHEESE,
CHEESE,
CHEESE,
CHEESE,
CHEESE,
CHEESE,
CHEESE,
CHEESE,
CHEESE,
CHEESE,
CHEESE,
CHEESE,
CHEESE,
CHEESE,
CHEESE,
CHEESE,
CHEESE,
CHEESE,
CHEESE,
CHEESE,
CHEESE,
CHEESE,
CHEESE,
CHEESE,
CHEESE FD,
CHEESE FD,
CHEESE FD,
CHEESE SPRD,
CREAM,
CREAM,
CREAM,
CREAM,
CREAM,
CREAM,
CREAM,
No Category,
SOUR DRSNG,
MILK,
MILK,
CREAM SUB,
CREAM SUB,
CREAM SUBSTITUTE,
DESSERT TOPPING,
DESSERT TOPPING,
DESSERT TOPPING,
DESSERT TOPPING,
SOUR CRM,
MILK SUBSTITUTES,
MILK SUBSTITUTES,
MILK,
MILK,
MILK,
MILK,
MILK,
MILK,
MILK,
MILK,
MILK,
MILK,
MILK,
MILK,
MILK,
MILK,
MILK,
MILK,
MILK,
MILK,
MILK,
MILK,
MILK,
MILK,
MILK,
MILK,
MILK,
MILK,
MILK,
MILK,
MILK,
MILK SHAKES,
MILK SHAKES,
WHEY,
WHEY,
WHEY,
WHEY,
YOGURT,
YOGURT,
YOGURT,
YOGURT,
YOGURT,
YOGURT,
YOGURT,
EGG,
EGG,
EGG,
EGG,
EGG,
EGG,
EGG,
EGG,
EGG,
EGG,
EGG,
EGG,
EGG,
EGG,
EGG,
EGG,
EGG,
EGG,
EGG,
EGG SUBSTITUTE,
EGG SUBSTITUTE,
EGG SUBSTITUTE,
BUTTER,
CHEESE,
CHEESE,
CHEESE,
CHEESE FD,
CHEESE SPRD,
MILK,
MILK,
MILK,
MILK,
MILK,
CHEESE,
CHEESE,
CHEESE,
EGG,
CHEESE SUB,
No Category,
CHEESE SAU,
CHEESE,
CHEESE,
CHEESE,
CHEESE,
CHEESE,
EGG,
EGG,
EGG,
SOUR CREAM,
SOUR CREAM,
SOUR CREAM,
USDA COMMODITY,
YOGURT,
PARMESAN CHS TOPPING,
CHEESE,
YOGURT,
No Category,
No Category,
No Category,
No Category,
No Category,
No Category,
No Category,
No Category,
No Category,
No Category,
No Category,
CREAM,
No Category,
MILK,
YOGURT,
CHEESE,
CREAM SUB,
CREAM SUB,
CHEESE,
CHEESE,
EGG MIX,
ALLSPICE,
No Category,
SPICES,
SPICES,
No Category,
SPICES,
No Category,
CHERVIL,
No Category,
CINNAMON,
CLOVES,
CORIANDER LEAF,
No Category,
No Category,
No Category,
No Category,
DILL WEED,
No Category,
No Category,
No Category,
GINGER,
MACE,
MARJORAM,
MUSTARD SEED,
NUTMEG,
No Category,
SPICES,
No Category,
PARSLEY,
PEPPER,
PEPPER,
PEPPER,
No Category,
No Category,
No Category,
ROSEMARY,
No Category,
SAGE,
SAVORY,
SPICES,
SPICES,
TURMERIC,
BASIL,
DILL WEED,
MUSTARD,
SALT,
VINEGAR,
THYME,
No Category,
VANILLA EXTRACT,
VANILLA EXTRACT,
VINEGAR,
CAPERS,
HORSERADISH,
ROSEMARY,
PEPPERMINT,
SPEARMINT,
SPEARMINT,
VINEGAR,
VINEGAR,
CAMPBELL SOUP CO,
BABYFOOD,
BABYFOOD,
BABYFOOD,
BABYFOOD,
BABYFOOD,
BABYFOOD,
BABYFOOD,
BABYFOOD,
BABYFOOD,
BABYFOOD,
BABYFOOD,
BABYFOOD,
BABYFOOD,
BABYFOOD,
BABYFOOD,
BABYFOOD,
BABYFOOD,
BABYFOOD,
BABYFOOD,
BABYFOOD,
BABYFOOD,
BABYFOOD,
BABYFOOD,
BABYFOOD,
BABYFOOD,
BABYFOOD,
BABYFOOD,
BABYFOOD,
BABYFOOD,
BABYFOOD,
BABYFOOD,
BABYFOOD,
BABYFOOD,
BABYFOOD,
BABYFOOD,
BABYFOOD,
BABYFOOD,
BABYFOOD,
BABYFOOD,
BABYFOOD,
BABYFOOD,
BABYFOOD,
BABYFOOD,
BABYFOOD,
BABYFOOD,
BABYFOOD,
BABYFOOD,
BABYFOOD,
BABYFOOD,
BABYFOOD,
BABYFOOD,
BABYFOOD,
BABYFOOD,
BABYFOOD,
BABYFOOD,
BABYFOOD,
BABYFOOD,
BABYFOOD,
BABYFOOD,
Babyfood,
BABYFOOD,
BABYFOOD,
BABYFOOD,
BABYFOOD,
BABYFOOD,
BABYFOOD,
BABYFOOD,
BABYFOOD,
BABYFOOD,
BABYFOOD,
BABYFOOD,
BABYFOOD,
BABYFOOD,
BABYFOOD,
BABYFOOD,
BABYFOOD,
BABYFOOD,
BABYFOOD,
BABYFOOD,
BABYFOOD,
BABYFOOD,
BABYFOOD,
BABYFOOD,
BABYFOOD,
BABYFOOD,
BABYFOOD,
BABYFOOD,
BABYFOOD,
BABYFOOD,
BABYFOOD,
BABYFOOD,
BABYFOOD,
BABYFOOD,
BABYFOOD,
BABYFOOD,
BABYFOOD,
BABYFOOD,
BABYFOOD,
BABYFOOD,
BABYFOOD,
BABYFOOD,
BABYFOOD,
BABYFOOD,
BABYFOOD,
BABYFOOD,
BABYFOOD,
BABYFOOD,
BABYFOOD,
BABYFOOD,
BABYFOOD,
BABYFOOD,
BABYFOOD,
BABYFOOD,
BABYFOOD,
BABYFOOD,
BABYFOOD,
BABYFOOD,
BABYFOOD,
BABYFOOD,
BABYFOOD,
BABYFOOD,
BABYFOOD,
BABYFOOD,
BABYFOOD,
BABYFOOD,
BABYFOOD,
BABYFOOD,
BABYFOOD,
BABYFOOD,
BABYFOOD,
BABYFOOD,
BABYFOOD,
BABYFOOD,
BABYFOOD,
BABYFOOD,
BABYFOOD,
BABYFOOD,
BABYFOOD,
BABYFOOD,
BABYFOOD,
BABYFOOD,
BABYFOOD,
BABYFOOD,
BABYFOOD,
BABYFOOD,
BABYFOOD,
BABYFOOD,
BABYFOOD,
No Category,
BABYFOOD,
BABYFOOD,
BABYFOOD,
BABYFOOD,
BABYFOOD,
BABYFOOD,
BABYFOOD,
BABYFOOD,
BABYFOOD,
BABYFOOD,
BABYFOOD,
BABYFOOD,
BABYFOOD,
BABYFOOD,
BABYFOOD,
BABYFOOD,
BABYFOOD,
BABYFOOD,
BABYFOOD,
BABYFOOD,
BABYFOOD,
BABYFOOD,
BABYFOOD,
BABYFOOD,
BABYFOOD,
BABYFOOD,
BABYFOOD,
BABYFOOD,
BABYFOOD,
BABYFOOD,
BABYFOOD,
BABYFOOD,
BABYFOOD,
BABYFOOD,
BABYFOOD,
BABYFOOD,
BABYFOOD,
BABYFOOD,
BABYFOOD,
BABYFOOD,
BABYFOOD,
BABYFOOD,
BABYFOOD,
BABYFOOD,
BABYFOOD,
BABYFOOD,
INF FORMULA,
INF FORMULA,
INF FORMULA,
INFANT FORMULA,
INFANT FORMULA,
INF FORMULA,
INFANT FORMULA,
INFANT FORMULA,
INF FORMULA,
INFANT FORMULA,
INF FORMULA,
INF FORM,
INF FORMULA,
INF FORM,
INF FORMMEAD JOHN,
INF FORM,
INF FORM,
INF FORM,
CHILD FORMULA,
CHILD FORMULA,
INFANT FORMULA,
INFANT FORMULA,
INF FORMULA,
INFANT FORMULA,
INF FOR,
INF FORMULA,
INF FOR,
INF FOR,
INF FORMULA,
INF FORM,
INF FOR,
INF FOR,
INF FOR,
INF FORM,
INF FORM,
INF FORMULA,
INF FO,
INF FO,
INF FORM,
INF FORM,
INF FORMULA,
INF FORM,
INF FO,
INF FORM,
INF FORM,
INF FORMULA,
INF FORM,
INF FOR,
INF FORM,
CHILD FORMULA,
INF FORMU,
INF FORM,
INF FORMULA,
INF FORMULA,
INF FORMULA,
INF FORMU,
INF FOR,
INF FORM,
INF FORM,
INF FOR,
INF FORM,
INF FORMULA,
INF FOR,
INF FORMULA,
INF FORMULA,
INF FORMULA,
INF FORMULA,
INF FORMULA,
INF FORMULA,
BABYFOOD,
Infa for,
INF FORM,
INF FORM,
INF FORMULA,
INF FORMULA,
INF FOR,
INF FORM,
INF FORMULA,
INF FORMULA,
INF FORM,
INF FORM,
INF FOR,
INF FOR NUTR,
INF FORM,
INF FORM,
INF FORM,
INF FOR,
INF FORM,
INF FORMULA,
INF FORM,
INF FORMULA,
FAT,
No Category,
SALAD DRSNG,
SALAD DRSNG,
SALAD DRSNG,
SALAD DRSNG,
SALAD DRSNG,
SALAD DRSNG,
SALAD DRSNG,
SALAD DRSNG,
SALAD DRSNG,
SALAD DRSNG,
SALAD DRSNG,
SALAD DRSNG,
SALAD DRSNG,
SALAD DRSNG,
SALAD DRSNG,
SALAD DRSNG,
SALAD DRSNG,
SANDWICH SPRD,
SHORTENING,
OIL,
OIL,
OIL,
OIL,
OIL,
VEGETABLE OIL,
OIL,
OIL,
OIL,
OIL,
MARGARINE,
MARGARINE,
SALAD DRSNG,
SALAD DRSNG,
SALAD DRSNG,
SALAD DRSNG,
SALAD DRSNG,
SALAD DRSNG,
SALAD DRSNG,
SALAD DRSNG,
MARGARINE-LIKE SPRD,
MARGARINE,
MARGARINE,
SALAD DRSNG,
SALAD DRSNG,
SALAD DRSNG,
SALAD DRSNG,
SALAD DRSNG,
SALAD DRSNG,
SALAD DRSNG,
SALAD DRSNG,
SALAD DRSNG,
SALAD DRSNG,
OIL,
OIL,
OIL,
OIL,
OIL,
VEGETABLE OIL,
OIL,
OIL,
OIL,
OIL,
OIL,
FAT,
MARGARINE,
OIL,
OIL,
OIL,
VEGETABLE OIL,
OIL,
OIL,
OIL,
SALAD DRSNG,
OIL,
FAT,
OIL,
SHORTENING,
OIL,
SHORTENING BREAD,
SHORTENING FRYING (REG),
SHORTENING CAKE MIX,
SHORTENING INDUSTRIAL,
SHORTENING FRYING (HVY DUTY),
SHORTENING CONFECTIONERY,
SHORTENING FRYING HVY DUTY,
SHORTENING INDUSTRIAL,
SHORTENING FRYING (HVY DUTY),
No Category,
SHORTENING FRYING HVY DUTY,
SHORTENING,
OIL,
OIL,
FAT,
FAT,
FAT,
VEGETABLE OIL,
OIL,
VEGETABLE OIL,
OIL,
MARGARINE-BUTTER BLEND,
SHORTENING,
SHORTENING,
VEGETABLE OIL,
FISH OIL,
FISH OIL,
FISH OIL,
FISH OIL,
FISH OIL,
FISH OIL,
SHORTENING,
VEGETABLE OIL-BUTTER SPRD,
BUTTER,
BUTTER,
MEAT DRIPPINGS (LARD,
ANIMAL FAT,
MARGARINE,
MARGARINE,
MARGARINE,
MARGARINE,
MARGARINE,
SHORTENING,
SHORTENING,
MARGARINE,
MARGARINE,
MARGARINE,
MARGARINE,
MARGARINE-LIKE SPRD,
MARGARINE-LIKE SPRD,
MARGARINE-LIKE SPRD,
MARGARINE,
MARGARINE,
MARGARINE SPRD,
MARGARINE SPRD,
MARGARINE,
MARGARINE,
SALAD DRSNG,
SALAD DRSNG,
SALAD DRSNG,
SALAD DRSNG,
SALAD DRSNG,
SALAD DRSNG,
OIL,
OIL,
OIL,
OIL,
OIL,
OIL,
SHORTENING,
OIL,
OIL,
OIL,
OIL,
OIL,
MARGARINE-LIKE SHORTENING,
OIL,
OIL,
OIL,
OIL,
OIL,
OIL,
OIL,
OIL,
OIL,
MARGARINE,
SHORTENING,
SHORTENING,
MARGARINE,
USDA CMDTY FD,
USDA CMDTY FD,
USDA CMDTY FD,
USDA CMDTY FD,
MARGARINE-LIKE SPRD,
MARGARINE-LIKE SPRD,
MARGARINE-LIKE SPRD,
MARGARINE-LIKE SPRD,
MARGARINE-LIKE SPRD,
OIL,
OIL,
MARGARINE,
MARGARINE,
OIL,
SALAD DRSNG,
MARGARINE-LIKE SPRD,
SALAD DRSNG,
CHICKEN,
CHICKEN,
CHICKEN,
CHICKEN,
CHICKEN,
CHICKEN,
CHICKEN,
CHICKEN,
CHICKEN,
CHICKEN,
CHICKEN,
CHICKEN,
CHICKEN,
CHICKEN,
CHICKEN,
CHICKEN,
CHICKEN,
CHICKEN,
CHICKEN,
CHICKEN,
CHICKEN,
CHICKEN,
CHICKEN,
CHICKEN,
CHICKEN,
CHICKEN,
CHICKEN,
CHICKEN,
CHICKEN,
CHICKEN,
CHICKEN,
CHICKEN,
CHICKEN,
CHICKEN,
CHICKEN,
CHICKEN,
CHICKEN,
CHICKEN,
CHICKEN,
CHICKEN,
CHICKEN,
CHICKEN,
CHICKEN,
CHICKEN,
CHICKEN,
CHICKEN,
CHICKEN,
CHICKEN,
CHICKEN,
CHICKEN,
CHICKEN,
CHICKEN,
CHICKEN,
CHICKEN,
CHICKEN,
CHICKEN,
CHICKEN,
CHICKEN,
CHICKEN,
CHICKEN,
CHICKEN,
CHICKEN,
CHICKEN,
CHICKEN,
CHICKEN,
CHICKEN,
CHICKEN,
CHICKEN,
CHICKEN,
CHICKEN,
CHICKEN,
CHICKEN,
CHICKEN,
CHICKEN,
CHICKEN,
CHICKEN,
CHICKEN,
CHICKEN,
CHICKEN,
CHICKEN,
CHICKEN,
CHICKEN,
CHICKEN,
CHICKEN,
CHICKEN,
CHICKEN,
CHICKEN,
CHICKEN,
CHICKEN,
CHICKEN,
CHICKEN,
CHICKEN,
CHICKEN,
CHICKEN,
CHICKEN,
CHICKEN,
CHICKEN,
CHICKEN,
CHICKEN,
CHICKEN,
CHICKEN,
CHICKEN,
CHICKEN,
CHICKEN,
CHICKEN,
CHICKEN,
CHICKEN,
CHICKEN,
CHICKEN,
CHICKEN,
CHICKEN,
CHICKEN,
CHICKEN,
CHICKEN,
CHICKEN,
CHICKEN,
CHICKEN,
CHICKEN,
CHICKEN,
CHICKEN,
CHICKEN,
CHICKEN,
CHICKEN,
CHICKEN,
CHICKEN,
CHICKEN,
CHICKEN,
CHICKEN,
CHICKEN,
CHICKEN,
CHICKEN,
CHICKEN,
CHICKEN,
CHICKEN,
CHICKEN,
CHICKEN,
CHICKEN,
CHICKEN,
DUCK,
DUCK,
DUCK,
DUCK,
DUCK,
DUCK,
DUCK,
GOOSE,
GOOSE,
GOOSE,
GOOSE,
GOOSE,
GUINEA HEN,
GUINEA HEN,
PHEASANT,
PHEASANT,
PHEASANT,
PHEASANT,
QUAIL,
QUAIL,
QUAIL,
SQUAB,
SQUAB,
SQUAB,
TURKEY,
TURKEY,
TURKEY,
TURKEY,
TURKEY,
TURKEY,
TURKEY,
TURKEY,
TURKEY,
TURKEY,
TURKEY,
TURKEY,
TURKEY,
TURKEY,
TURKEY,
TURKEY,
TURKEY,
TURKEY,
TURKEY,
TURKEY,
TURKEY,
TURKEY,
TURKEY,
TURKEY,
TURKEY,
TURKEY,
TURKEY,
TURKEY,
TURKEY,
TURKEY,
TURKEY,
TURKEY,
TURKEY,
TURKEY,
TURKEY,
TURKEY,
TURKEY,
TURKEY,
TURKEY,
TURKEY,
TURKEY,
TURKEY,
TURKEY,
TURKEY,
TURKEY,
TURKEY,
TURKEY,
TURKEY,
TURKEY,
TURKEY,
TURKEY,
TURKEY,
TURKEY,
TURKEY,
TURKEY,
TURKEY,
TURKEY,
TURKEY,
TURKEY,
TURKEY,
TURKEY,
TURKEY,
TURKEY,
TURKEY,
TURKEY,
TURKEY,
TURKEY,
TURKEY,
TURKEY,
TURKEY,
TURKEY,
TURKEY,
TURKEY,
TURKEY,
TURKEY,
TURKEY,
TURKEY,
TURKEY,
TURKEY,
TURKEY,
TURKEY,
TURKEY,
TURKEY,
TURKEY,
TURKEY,
TURKEY,
TURKEY,
TURKEY,
TURKEY,
TURKEY,
TURKEY,
TURKEY,
TURKEY,
TURKEY,
TURKEY,
TURKEY,
TURKEY,
TURKEY,
TURKEY,
TURKEY,
TURKEY,
TURKEY,
TURKEY,
TURKEY,
TURKEY,
TURKEY,
TURKEY,
TURKEY,
TURKEY,
TURKEY,
TURKEY,
TURKEY,
TURKEY,
TURKEY,
CHICKEN,
PATE DE FOIE GRAS,
TURKEY,
TURKEY,
TURKEY AND GRAVY,
TURKEY PATTIES,
TURKEY BREAST,
TURKEY THIGH,
TURKEY RST,
TURKEY RST,
TURKEY STKS,
POULTRY,
POULTRY,
POULTRY,
TURKEY,
POULTRY FD PRODUCTS,
POULTRY FD PRODUCTS,
CHICKEN,
CHICKEN,
CHICKEN,
CHICKEN,
CHICKEN,
CHICKEN,
CHICKEN,
DUCK,
DUCK,
DUCK,
DUCK,
CHICKEN,
CHICKEN NUGGETS,
CHICKEN NUGGETS,
CHICKEN PATTY,
CHICKEN PATTY,
CHICKEN BREAST TENDERS,
CHICKEN BREAST TENDERS,
CHICKEN BREAST TENDERS,
CHICKEN,
CHICKEN,
CHICK,
USDA CMDTY CHICK,
USDA CMDTY,
USDA CMDTY,
CHICKEN,
CHICKEN,
CHICKEN,
CHICKEN,
CHICKEN,
CHICKEN,
CHICKEN,
CHICKEN,
CHICKEN,
CHICKEN,
CHICKEN,
USDA CMDTY,
USDA CMDTY,
USDA COMMODITY,
EMU,
EMU,
EMU,
EMU,
EMU,
EMU,
EMU,
EMU,
EMU,
EMU,
EMU,
EMU,
OSTRICH,
OSTRICH,
OSTRICH,
OSTRICH,
OSTRICH,
OSTRICH,
OSTRICH,
OSTRICH,
OSTRICH,
OSTRICH,
OSTRICH,
OSTRICH,
OSTRICH,
OSTRICH,
OSTRICH,
OSTRICH,
OSTRICH,
OSTRICH,
CHICKEN,
SOUP,
SOUP,
CAMPBELL,
SOUP,
SOUP,
SOUP,
SOUP,
SOUP,
SOUP,
SOUP,
SOUP,
SOUP,
CAMPBELL SOUP,
SOUP,
SOUP,
SOUP,
SOUP,
SOUP,
SOUP,
SOUP,
SOUP,
SOUP,
SOUP,
SOUP,
SOUP,
CAMPBELL SOUP COMPANY,
SOUP,
SOUP,
SOUP,
SOUP,
SOUP,
SOUP,
CAMPBELL COMPANY,
SOUP,
SOUP,
CAMPBELL,
SOUP,
SOUP,
SOUP,
SOUP,
SOUP,
CAMPBELL'S RED & WHITE,
SOUP,
SOUP,
SOUP,
SOUP,
SOUP,
SOUP,
CAMPBELL'S RED & WHITE,
SOUP,
SOUP,
CAMPBELL SOUP COMPANY,
CAMPBELL SOUP,
SOUP,
SOUP,
CAMPBELL'S RED & WHITE,
SOUP,
SOUP,
SOUP,
SOUP,
SOUP,
SOUP,
SOUP,
SOUP,
SOUP,
SOUP,
SOUP,
SOUP,
SOUP,
SOUP,
SOUP,
CAMPBELL'S RED & WHITE,
CAMPBELL COMPANY,
CAMPBELL SOUP COMPANY,
SOUP,
CAMPBELL SOUP COMPANY,
SOUP,
SOUP,
SAUCE,
CAMPBELL'S RED & WHITE,
SAUCE,
GRAVY,
GRAVY,
GRAVY,
CAMPBELL SOUP,
GRAVY,
GRAVY,
GRAVY,
GRAVY,
GRAVY,
GRAVY,
GRAVY,
GRAVY,
GRAVY,
GRAVY,
SOUP,
SAUCE,
SAUCE,
USDA COMMODITY,
CAMPBELL COMPANY,
CAMPBELL,
SOUP,
SOUP,
SAUCE,
SAUCE,
SAUCE,
SOUP,
SOUP,
SAUCE,
SAUCE,
SAUCE,
SAUCE,
SAUCE,
SAUCE,
SOUP,
SOUP,
SOUP,
SAUCE,
SAUCE,
SOUP,
USDA COMMODITY,
SAUCE,
SOUP,
SOUP,
SOUP,
SAUCE,
SOUP,
SPLIT PEA SOUP,
SPLIT PEA W/ HAM SOUP,
SOUP,
CAMPBELL SOUP COMPANY,
SOUP,
SOUP,
CAMPBELL'S RED&WHITE,
SOUP,
SOUP,
CAMPBELL SOUP COMPANY,
CAMPBELL SOUP COMPANY,
CAMPBELL SOUP COMPANY,
CAMPBELL SOUP COMPANY,
SOUP,
SOUP,
CAMPBELL'S RED & WHITE,
CAMPBELL'S RED & WHITE,
CAMPBELL,
CAMPBELL,
CAMPBELL SOUP,
CAMPBELL SOUP COMPANY,
CAMPBELL SOUP COMPANY,
CAMPBELL SOUP,
CAMPBELL SOUP,
CAMPBELL SOUP,
CAMPBELL SOUP,
SOUP,
CAMPBELL SOUP,
CAMPBELL SOUP,
CAMPBELL SOUP,
CAMPBELL SOUP,
CAMPBELL SOUP,
CAMPBELL SOUP,
CAMPBELL SOUP,
CAMPBELL SOUP,
CAMPBEL COMPANY,
CAMPBELL SOUP COMPANY,
CAMPBELL'S CHUNKY MICROWAVABLE BWLS,
SOUP,
CAMPBELL SOUP COMPANY,
CAMPBELL SOUP COMP,
SOUP,
CAMPBELL SOUP COMP,
SOUP,
SOUP,
CAMPBELL SOUP COMPANY,
CAMPBELL SOUP COMPANY,
CAMPBELL SOUP,
SOUP,
SOUP,
SAUCE,
SAUCE,
CAMPBELL SOUP,
CAMPBELL SOUP,
CAMPBELL,
SOUP,
SOUP,
SOUP,
CAMPBELL SOUP COMPANY,
CAMPBELL SOUP COMPANY,
CAMPBELL SOUP COMPANY,
CAMPBELL SOUP COMPANY,
CAMPBELL SOUP COMPANY,
CAMPBELL SOUP COMPANY,
CAMPBELL SOUP COMPANY,
CAMPBELL SOUP COMPANY,
CAMPBELL SOUP COMPANY,
CAMPBELL SOUP COMPANY,
CAMPBELL SOUP COMPANY,
CAMPBELL COMPANY,
CAMPBELL SOUP COMPANY,
CAMPBELL SOUP COMPANY,
CAMPBELL SOUP COMPANY,
CAMPBELL SOUP COMPANY,
CAMPBELL,
CAMPBELL,
CAMPBELL,
CAMPBELL,
CAMPBELL,
CAMPBELL,
CAMPBELL,
CAMPBELL,
CAMPBELL,
CAMPBELL,
CAMPBELL,
COMPANY,
CAMPBELL'S RED & WHITE,
CAMPBELL'S RED & WHITE,
CAMPBELL'S RED & WHITE,
CAMPBELL'S RED & WHITE,
CAMPBELL'S RED & WHITE,
CAMPBELL'S RED & WHITE,
CAMPBELL'S RED & WHITE,
CAMPBELL'S RED & WHITE,
SOUP,
SOUP,
CAMPBELL'S RED & WHITE,
CAMPBELL'S RED & WHITE,
CAMPBELL'S RED & WHITE,
CAMPBELL'S RED & WHITE,
CAMPBELL'S RED & WHITE,
CAMPBELL'S RED & WHITE,
CAMPBELL'S RED & WHITE,
CAMPBELL'S RED & WHITE,
COMPANY,
SOUP COMPANY,
CAMPBELL SOUP COMPANY,
CAMPBELL'S RED & WHITE,
CAMPBELL'S RED & WHITE,
CAMPBELL SOUP COMPANY,
CAMPBELL SOUP COMPANY,
CAMPBELL SOUP COMPANY,
CAMPBELL SOUP,
CAMPBELL'S RED & WHITE,
CAMPBELL'S RED & WHITE,
CAMPBELL'S CHUNKY SOUPS,
CAMPBELL'S CHUNKY SOUPS,
CAMPBELL'S CHUNKY SOUPS,
CAMPBELL'S CHUNKY SOUPS,
CAMPBELL'S CHUNKY SOUPS,
CAMPBELL'S CHUNKY SOUPS,
CAMPBELL'S CHUNKY SOUPS,
CAMPBELL'S CHUNKY SOUPS,
CAMPBELL'S CHUNKY SOUPS,
CAMPBELL'S CHUNKY SOUPS,
CAMPBELL'S CHUNKY SOUPS,
CAMPBELL'S CHUNKY SOUPS,
CAMPBELL'S CHUNKY SOUPS,
CAMPBELL'S CHUNKY SOUPS,
CAMPBELL'S CHUNKY SOUPS,
CAMPBELL'S CHUNKY SOUPS,
SOUP,
SOUP,
CAMPBELL'S CHUNKY SOUPS,
SOUP,
CAMPBELL'S CHUNKY SOUPS,
SOUP,
CAMPBELL'S CHUNKY SOUPS,
SOUP,
SOUP,
SOUP,
SOUP,
SOUP,
CAMPBELL'S CHUNKY SOUPS,
CAMPBELL'S CHUNKY SOUPS,
SOUP,
SOUP,
CAMPBELL'S CHUNKY SOUPS,
SOUP,
CAMPBELL'S CHUNKY SOUPS,
CAMPBELL'S CHUNKY SOUPS,
SOUP,
CAMPBELL'S CHUNKY SOUPS,
SOUP,
SOUP,
CAMPBELL'S CHUNKY SOUPS,
SOUP,
CAMPBELL'S CHUNKY SOUPS,
SOUP,
CAMPBELL'S CHUNKY SOUPS,
SOUP,
CAMPBELL'S CHUNKY SOUPS,
CAMPBELL'S CHUNKY SOUPS,
CAMPBELL'S CHUNKY SOUPS,
CAMPBELL'S CHUNKY SOUPS,
CAMPBELL'S CHUNKY SOUPS,
CAMPBELL'S CHUNKY SOUPS,
CAMPBELL'S CHUNKY SOUPS,
SOUP,
CAMPBELL'S CHUNKY SOUPS,
SOUP,
SOUP,
SOUP,
SOUP,
SOUP,
CAMPBELL'S CHUNKY SOUPS,
SOUP,
SOUP,
SOUP,
SOUP,
SOUP,
CAMPBELL'S CHUNKY SOUPS,
SOUP,
SOUP,
CAMPBELL'S CHUNKY SOUPS,
CAMPBELL'S CHUNKY SOUPS,
CAMPBELL'S CHUNKY SOUPS,
SOUP,
SOUP,
CAMPBELL'S CHUNKY SOUPS,
SOUP,
CAMPBELL'S CHNKY SOUPS,
SOUP,
SOUP,
SOUP,
SOUP,
SOUP,
SOUP,
SOUP,
SOUP,
SOUP,
SOUP,
SOUP,
SOUP,
SOUP,
SOUP,
SOUP,
SOUP,
CAMPBELL'S RED & WHITE - MCRWVEABLE BOWLS,
SOUP,
SOUP,
SOUP,
CAMPBELL'S RED & WHITE - MICROWAVEABLE BOWLS,
CAMPBELL'S RED & WHITE - MCRWVEABLE BOWLS,
CAMPBELL'S RED & WHITE - MICROWAVEABLE BOWLS,
CAMPBELL'S RED & WHITE - MICROWAVEABLE BOWLS,
CAMPBELL'S SEL GOLD LABEL SOUPS,
CAMPBELL'S SEL GOLD LABEL SOUPS,
CAMPBELL'S SEL GOLD LABEL SOUPS,
CAMPBELL'S SEL MCRWVABLE BOWLS,
CAMPBELL'S SEL MCRWVABLE BOWLS,
CAMPBELL'S SEL MCRWVABLE BWLS,
CAMPBELL'S SEL MCRWVABLE BOWLS,
CAMPBELL'S SEL MCRWVABLE BOWLS,
CAMPBELL'S SEL MICROWAVEABLE BOWLS,
CAMPBELL'S SEL MCRWVABLE BOWLS,
SOUP,
CAMPBELL'S SEL SOUP,
CAMPBELL'S SEL SOUP,
CAMPBELL'S SEL SOUP,
CAMPBELL'S SEL SOUP,
CAMPBELL'S SEL SOUP,
CAMPBELL'S SEL SOUP,
CAMPBELL'S SEL SOUP,
CAMPBELL'S SEL SOUP,
CAMPBELL'S SEL SOUP,
CAMPBELL'S SEL SOUP,
CAMPBELL SOUP COMPANY,
CAMPBELL'S SEL SOUP,
CAMPBELL'S SEL SOUP,
SOUP,
CAMPBELL'S SEL SOUP,
SOUP,
CAMPBELL'S SEL SOUP,
CAMPBELL'S SEL SOUP,
CAMPBELL'S SEL SOUP,
CAMPBELL'S SEL SOUP,
SOUP,
SOUP,
CAMPBELL SOUP COMPANY,
CAMPBELL SOUP COMPANY,
SOUP,
SOUP,
CAMPBELL'S SOUP AT HAND,
CAMPBELL'S SOUP AT HAND,
CAMPBELL'S SOUP AT HAND,
CAMPBELL'S SOUP AT HAND,
CAMPBELL'S SOUP AT HAND,
CAMPBELL'S SOUP AT HAND,
CAMPBELL'S SOUP AT HAND,
CAMPBELL'S SOUP AT HAND,
CAMPBELL SOUP COMPANY,
CAMPBELL'S SOUP AT HAND,
CAMPBELL SOUP COMPANY,
CAMPBELL SOUP COMPANY,
CAMPBELL SOUP COMPANY,
CAMPBELL SOUP COMPANY,
CAMPBELL SOUP COMPANY,
CAMPBELL SOUP COMPANY,
CAMPBELL SOUP COMPANY,
CAMPBELL SOUP COMPANY,
CAMPBELL SOUP COMPANY,
CAMPBELL SOUP COMPANY,
CAMPBELL SOUP COMPANY,
CAMPBELL SOUP COMPANY,
SAUCE,
SOUP,
SOUP,
SOUP,
SOUP,
SOUP,
SOUP,
SOUP,
SOUP,
SOUP,
SOUP,
SOUP,
SOUP,
SOUP,
SOUP,
SAUCE,
SAUCE,
CAMPBELL SOUP COMP,
SOUP,
SOUP,
GRAVY,
GRAVY,
GRAVY,
SAUCE,
SAUCE,
SAUCE,
No Category,
SOUP,
SOUP,
SOUP,
SOUP,
SOUP,
POTATO SOUP,
SOUP,
SAUCE,
SAUCE,
SAUCE,
SOUP,
SAUCE,
SAUCE,
GRAVY,
SOUP,
No Category,
SOUP,
SOUP,
SOUP,
SOUP,
Soup,
GRY,
CAMPBELL SOUP COMPANY,
CAMPBELL SOUP COMPANY,
CAMPBELL SOUP COMPANY,
CAMPBELL SOUP,
CAMPBELL SOUP COMPANY,
CAMPBELL SOUP COMPANY,
CAMPBELL SOUP COMPANY,
CAMPBELL SOUP,
CAMPBELL,
CAMPBELL SOUP COMPANY,
CAMPBELL SOUP COMPANY,
CAMPBELL SOUP COMPANY,
CAMPBELL SOUP COMPANY,
BARBECUE LOAF,
BEERWURST,
BEERWURST,
No Category,
No Category,
No Category,
BOLOGNA,
BOLOGNA,
BOLOGNA,
No Category,
BRATWURST,
BRAUNSCHWEIGER (A LIVER SAUSAGE),
BROTWURST,
CHEESEFURTER,
No Category,
No Category,
CHORIZO,
CORNED BEEF LOAF,
DUTCH BRAND LOAF,
No Category,
No Category,
FRANKFURTER,
FRANKFURTER,
HAM,
HAM,
HAM,
HAM,
HAM,
No Category,
No Category,
No Category,
HEADCHEESE,
No Category,
SAUSAGE,
KIELBASA,
No Category,
No Category,
LIVER CHEESE,
LIVER SAUSAGE,
LUNCHEON MEAT,
LUNCHEON MEAT,
USDA CMDTY,
LUNCHEON MEAT,
LUNCHEON MEAT,
MORTADELLA,
OLIVE LOAF,
PASTRAMI,
PATE,
PATE,
PATE,
No Category,
PEPPERONI,
PICKLE&PIMIENTO LOAF,
POLISH SAUSAGE,
LUXURY LOAF,
MOTHER'S LOAF,
PICNIC LOAF,
PORK SAUSAGE,
PORK SAUSAGE,
PORK&BF SAUSAGE,
TURKEY SAUSAGE,
No Category,
No Category,
SALAMI,
SALAMI,
SALAMI,
SALAMI,
SANDWICH SPREAD,
SMOKED LINK SAUSAGE,
SAUSAGE,
SMOKED LINK SAUSAGE,
SMOKED LINK SAUSAGE,
THURINGER,
No Category,
TURKEY HAM,
TURKEY ROLL,
TURKEY ROLL,
SAUSAGE,
HONEY ROLL SAUSAGE,
SAUSAGE,
LUNCHEON SAUSAGE,
NEW ENGLAND BRAND SAUSAGE,
OSCAR MAYER,
OSCAR MAYER,
OSCAR MAYER,
OSCAR MAYER,
No Category,
No Category,
OSCAR MAYER,
OSCAR MAYER,
No Category,
OSCAR MAYER,
No Category,
OSCAR MAYER,
No Category,
OSCAR MAYER,
OSCAR MAYER,
OSCAR MAYER,
OSCAR MAYER,
OSCAR MAYER,
OSCAR MAYER,
OSCAR MAYER,
OSCAR MAYER,
OSCAR MAYER,
OSCAR MAYER,
OSCAR MAYER,
OSCAR MAYER,
OSCAR MAYER,
OSCAR MAYER,
OSCAR MAYER,
OSCAR MAYER,
OSCAR MAYER,
OSCAR MAYER,
No Category,
OSCAR MAYER,
OSCAR MAYER,
OSCAR MAYER,
OSCAR MAYER,
OSCAR MAYER,
OSCAR MAYER,
OSCAR MAYER,
OSCAR MAYER,
No Category,
OSCAR MAYER,
OSCAR MAYER,
OSCAR MAYER,
OSCAR MAYER,
OSCAR MAYER,
OSCAR MAYER,
LOUIS RICH,
LOUIS RICH,
LOUIS RICH,
LOUIS RICH,
LOUIS RICH,
No Category,
LOUIS RICH,
LOUIS RICH,
LOUIS RICH,
LOUIS RICH,
LOUIS RICH,
LOUIS RICH,
LOUIS RICH,
LOUIS RICH,
LOUIS RICH,
LOUIS RICH,
LOUIS RICH,
LOUIS RICH,
LOUIS RICH,
BUTCHER BOY MEATS,
CARL BUDDIG,
CARL BUDDIG,
CARL BUDDIG,
CARL BUDDIG,
CARL BUDDIG. CKD SMOKED BF PASTRAMI,
CARL BUDDIG,
No Category,
HORMEL SPAM,
No Category,
No Category,
TURKEY,
USDA COMMODITY,
FRANKFURTER,
LUNCHEON MEAT,
USDA COMMODITY,
LUNCHEON MEAT,
LUNCHEON MEAT,
No Category,
No Category,
No Category,
No Category,
No Category,
No Category,
No Category,
No Category,
No Category,
No Category,
No Category,
No Category,
No Category,
BRATWURST,
No Category,
No Category,
No Category,
No Category,
No Category,
No Category,
YACHTWURST,
No Category,
No Category,
No Category,
KIELBASA,
No Category,
No Category,
No Category,
No Category,
FRANKFURTER,
No Category,
No Category,
No Category,
TURKEY,
No Category,
No Category,
No Category,
No Category,
SCRAPPLE,
BOLOGNA,
PORK SAUSAGE,
BEEF SAUSAGE,
TURKEY SAUSAGE,
BEEF SAUSAGE,
PORK & TURKEY SAUSAGE,
TURKEY SAUSAGE,
BOLOGNA,
BOLOGNA,
CEREALS RTE,
CEREALS RTE,
CEREALS RTE,
CEREALS RTE,
CEREALS RTE,
CEREALS RTE,
CEREALS RTE,
CEREALS RTE,
CEREALS RTE,
CEREALS RTE,
CEREALS RTE,
CEREALS RTE,
CEREALS RTE,
CEREALS RTE,
CEREALS RTE,
CEREALS RTE,
CEREALS RTE,
CEREALS RTE,
CEREALS RTE,
CEREALS RTE,
CEREALS RTE,
CEREALS RTE,
CEREALS RTE,
CEREALS RTE,
CEREALS RTE,
CEREALS RTE,
CEREALS RTE,
CEREALS RTE,
CEREALS RTE,
CEREALS RTE,
CEREALS RTE,
CEREALS RTE,
CEREALS RTE,
CEREALS RTE,
CEREALS RTE,
CEREALS RTE,
CEREALS RTE,
CEREALS RTE,
CEREALS RTE,
CEREALS RTE,
CEREALS RTE,
CEREALS RTE,
CEREALS RTE,
CEREALS RTE,
CEREALS RTE,
CEREALS RTE,
CEREALS RTE,
CEREALS RTE,
CEREALS RTE,
CEREALS RTE,
CEREALS RTE,
CEREALS RTE,
CEREALS RTE,
CEREALS RTE,
CEREALS RTE,
CEREALS RTE,
CEREALS RTE,
CEREALS RTE,
CEREALS RTE,
CEREALS RTE,
CEREALS RTE,
CEREALS RTE,
CEREALS RTE,
CEREALS,
CEREALS,
CEREALS,
CEREALS,
CEREALS,
CEREALS,
CEREALS,
CEREALS,
CEREALS,
CEREALS,
CEREALS,
CEREALS,
CEREALS,
CEREALS,
CEREALS,
CEREALS,
CEREALS,
CEREALS,
CEREALS,
CEREALS,
CEREALS,
CEREALS,
CEREALS,
CEREALS,
CEREALS,
CEREALS,
CEREALS,
CEREALS,
CEREALS,
CEREALS,
CEREALS,
CEREALS,
CEREALS,
CEREALS,
CEREALS,
CEREALS,
CEREALS,
CEREALS,
CEREALS,
CEREALS,
CEREALS,
CEREALS,
CEREALS,
CEREALS RTE,
CEREALS RTE,
CEREALS RTE,
CEREALS,
CEREALS,
CEREALS,
CEREALS,
CEREALS RTE,
CEREALS RTE,
CEREALS RTE,
CEREALS,
CEREALS RTE,
CEREALS RTE,
CEREALS,
CEREALS,
CEREALS,
CEREALS,
CEREALS,
CEREALS,
CEREALS,
CEREALS,
CEREALS,
CEREALS,
CEREALS,
CEREALS,
CEREALS,
CEREALS,
CEREALS,
CEREALS,
CEREALS,
CEREALS,
CEREALS,
CEREALS,
CEREALS,
CEREALS,
CEREALS,
CEREALS,
CEREALS,
CEREALS RTE,
CEREALS RTE,
CEREALS RTE,
CEREALS RTE,
CEREALS RTE,
CEREALS RTE,
CEREALS,
CEREALS RTE,
CEREALS RTE,
CEREALS RTE,
CEREALS RTE,
CEREALS RTE,
CEREALS RTE,
CEREALS RTE,
CEREALS RTE,
CEREALS RTE,
CEREALS READY TO EAT,
CEREALS RTE,
CEREALS RTE,
CEREALS RTE,
CEREALS,
CEREALS READY TO EAT,
CEREALS,
CEREALS,
CEREALS,
CEREALS,
CEREALS,
CEREALS,
CEREALS,
CEREALS,
CEREALS,
CEREALS,
CEREALS,
CEREALS,
CEREALS RTE,
CEREALS,
CEREALS,
CEREALS RTE,
CEREALS RTE,
CEREALS RTE,
CEREALS RTE,
CEREALS RTE,
CEREALS RTE,
CEREALS,
CEREALS,
CEREALS RTE,
CEREALS RTE,
CEREALS RTE,
CEREALS RTE,
CEREALS RTE,
CEREALS RTE,
CEREALS RTE,
CEREALS RTE,
CEREALS RTE,
CEREALS RTE,
CEREALS RTE,
CEREALS RTE,
CEREALS RTE,
CEREALS RTE,
CEREALS RTE,
CEREALS RTE,
CEREALS RTE,
CEREALS RTE,
CEREALS RTE,
CEREALS RTE,
CEREALS RTE,
CEREALS RTE,
CEREALS RTE,
CEREALS RTE,
CEREALS RTE,
CEREALS RTE,
CEREALS RTE,
CEREALS RTE,
CEREALS RTE,
CEREALS RTE,
CEREALS RTE,
CEREALS,
CEREALS,
CEREALS,
CEREALS,
CEREALS RTE,
CEREALS RTE,
CEREALS RTE,
CEREALS RTE,
CEREALS RTE,
CEREALS RTE,
CEREALS RTE,
CEREALS RTE,
CEREALS RTE,
CEREALS RTE,
CEREALS RTE,
CEREALS RTE,
CEREALS RTE,
CEREALS RTE,
CEREALS RTE,
CEREALS RTE,
CEREALS RTE,
CEREALS RTE,
CEREALS RTE,
CEREALS RTE,
CEREALS RTE,
CEREALS RTE,
CEREALS RTE,
CEREALS RTE,
CEREALS RTE,
CEREALS RTE,
CEREALS RTE,
CEREALS,
CEREALS RTE,
CEREALS RTE,
CEREALS RTE,
CEREALS RTE,
CEREALS RTE,
CEREALS RTE,
CEREALS RTE,
CEREALS RTE,
CEREALS RTE,
CEREALS RTE,
CEREALS RTE,
CEREALS RTE,
CEREALS RTE,
CEREALS RTE,
CEREALS RTE,
CEREALS RTE,
CEREALS RTE,
CEREALS RTE,
CEREALS RTE,
CEREALS RTE,
CEREALS RTE,
CEREALS RTE,
CEREALS RTE,
CEREALS RTE,
CEREALS RTE,
CEREALS RTE,
CEREALS RTE,
CEREALS RTE,
CEREALS RTE,
CEREALS RTE,
CEREALS RTE,
CEREALS RTE,
CEREALS RTE,
CEREALS RTE,
CEREALS,
CEREALS RTE,
CEREALS RTE,
CEREALS,
CERLS,
CEREALS,
CEREALS,
CEREALS,
CEREALS,
CEREALS,
CEREALS,
CEREALS,
CEREALS,
CEREALS,
CEREALS,
CEREALS,
CEREALS,
CLS,
CEREALS,
CEREALS,
CEREALS,
CEREALS,
CEREALS,
CEREALS,
CRLS,
CEREALS,
CERLS,
CERLS,
CEREALS RTE,
CEREALS,
CEREALS,
CERLS,
CEREALS,
CERLS,
CEREALS,
CEREALS,
CEREALS RTE,
CEREALS RTE,
CEREALS RTE,
CEREALS RTE,
CEREALS RTE,
CEREALS RTE,
CEREALS RTE,
CEREALS RTE,
CEREALS RTE,
CEREALS RTE,
CEREALS RTE,
CEREALS RTE,
CEREALS RTE,
CEREALS RTE,
CEREALS RTE,
CEREALS RTE,
CEREALS RTE,
CEREALS RTE,
CEREALS RTE,
CEREALS RTE,
CEREALS RTE,
CEREALS RTE,
CEREALS RTE,
CEREALS RTE,
CEREALS RTE,
CEREALS RTE,
CEREALS RTE,
CEREALS RTE,
CEREALS RTE,
CEREALS RTE,
CEREALS RTE,
CEREALS RTE,
CEREALS RTE,
CEREALS RTE,
CEREALS RTE,
CEREALS RTE,
CEREALS RTE,
CEREALS RTE,
CEREALS RTE,
CEREALS RTE,
CEREALS RTE,
No Category,
CEREALS,
CEREALS,
CEREALS RTE,
CEREALS RTE,
CEREALS RTE,
CEREALS RTE,
CEREALS RTE,
CEREALS RTE,
CEREALS RTE,
CEREALS RTE,
CEREALS RTE,
CEREALS RTE,
CEREALS RTE,
CEREALS RTE,
CEREALS RTE,
CEREALS RTE,
CEREALS RTE,
CEREALS RTE,
CEREALS RTE,
CEREALS RTE,
CEREALS RTE,
CEREALS RTE,
CEREALS RTE,
CEREALS RTE,
CEREALS RTE,
CEREALS RTE,
CEREALS RTE,
CEREALS RTE,
CEREALS RTE,
CEREALS RTE,
CEREALS RTE,
CEREALS,
CEREALS RTE,
No Category,
CEREALS RTE,
CEREALS RTE,
CEREALS RTE,
CEREALS RTE,
CEREALS RTE,
CEREALS RTE,
CEREALS RTE,
CEREALS RTE,
CEREAL WAFER STRAWS,
CEREAL WAFER STRAWS,
CEREALS RTE,
CEREALS RTE,
CEREAL WAFER STRAWS,
CEREALS RTE,
CEREALS,
CEREALS,
CEREALS RTE,
CEREALS RTE,
CEREALS RTE,
CEREALS RTE,
CEREALS RTE,
CEREALS,
CEREALS,
CEREALS,
ACEROLA,
ACEROLA JUICE,
APPLES,
APPLES,
APPLES,
APPLES,
APPLES,
APPLES,
APPLES,
APPLES,
APPLES,
APPLES,
APPLES,
APPLES,
APPLES,
APPLE JUC,
APPLE JUC,
APPLE JUC,
APPLESAUCE,
APPLESAUCE,
APRICOTS,
APRICOTS,
APRICOTS,
APRICOTS,
APRICOTS,
APRICOTS,
APRICOTS,
APRICOTS,
APRICOTS,
APRICOTS,
APRICOTS,
APRICOTS,
APRICOTS,
APRICOTS,
APRICOTS,
APRICOT NECTAR,
AVOCADOS,
AVOCADOS,
AVOCADOS,
BANANAS,
BANANAS,
BLACKBERRIES,
BLACKBERRY JUC,
BLACKBERRIES,
BLACKBERRIES,
BLUEBERRIES,
BLUEBERRIES,
BLUEBERRIES,
BLUEBERRIES,
BLUEBERRIES,
BOYSENBERRIES,
BOYSENBERRIES,
BREADFRUIT,
CARAMBOLA,
CARISSA,
CHERIMOYA,
CHERRIES,
CHERRIES,
CHERRIES,
CHERRIES,
CHERRIES,
CHERRIES,
CHERRIES,
CHERRIES,
CHERRIES,
CHERRIES,
CHERRIES,
CHERRIES,
CHERRIES,
CRABAPPLES,
CRANBERRIES,
CRANBERRIES,
CRANBERRY SAU,
CRANBERRY-ORANGE RELISH,
CURRANTS,
CURRANTS,
CURRANTS,
CUSTARD-APPLE,
DATES,
ELDERBERRIES,
FIGS,
FIGS,
FIGS,
FIGS,
FIGS,
FIGS,
FIGS,
FRUIT COCKTAIL,
FRUIT COCKTAIL,
FRUIT COCKTAIL,
FRUIT COCKTAIL,
FRUIT COCKTAIL,
FRUIT COCKTAIL,
FRUIT SALAD,
FRUIT SALAD,
FRUIT SALAD,
FRUIT SALAD,
FRUIT SALAD,
GOOSEBERRIES,
GOOSEBERRIES,
GRAPEFRUIT,
GRAPEFRUIT,
GRAPEFRUIT,
GRAPEFRUIT,
GRAPEFRUIT,
GRAPEFRUIT,
GRAPEFRUIT,
GRAPEFRUIT,
GRAPEFRUIT,
GRAPEFRUIT,
GRAPEFRUIT JUC,
GRAPEFRUIT JUC,
GRAPEFRUIT JUC,
GRAPEFRUIT JUC,
GRAPEFRUIT JUC,
GRAPE JUC,
GRAPES,
GRAPES,
GRAPES,
GRAPES,
GRAPE JUC,
GRAPE JUC COCKTAIL,
GRAPE JUC COCKTAIL,
GROUNDCHERRIES,
GUAVAS,
GUAVAS,
GUAVA SAUCE,
JACKFRUIT,
JAVA-PLUM,
JUJUBE,
JUJUBE,
KIWI FRUIT,
KUMQUATS,
LEMONS,
LEMONS,
LEMON JUICE,
LEMON JUC,
LEMON JUC,
LEMON PEEL,
LIMES,
LIME JUICE,
LIME JUC,
LITCHIS,
LITCHIS,
LOGANBERRIES,
LONGANS,
LONGANS,
LOQUATS,
MAMMY-APPLE,
MANGOS,
MANGOSTEEN,
MELONS,
MELONS,
MELONS,
MELON BALLS,
FRUIT,
FRUIT,
FRUIT,
MULBERRIES,
NECTARINES,
OHELOBERRIES,
OLIVES,
OLIVES,
OLIVES,
ORANGES,
ORANGES,
ORANGES,
ORANGES,
ORANGES,
ORANGE JUICE,
ORANGE JUC,
ORANGE JUC,
ORANGE JUC,
ORANGE JUC,
ORANGE JUC,
ORANGE PEEL,
ORANGE-GRAPEFRUIT JUC,
TANGERINES,
TANGERINES,
TANGERINES,
TANGERINE JUICE,
TANGERINE JUC,
TANGERINE JUC,
TANGERINE JUC,
PAPAYAS,
PAPAYA NECTAR,
PASSION-FRUIT,
PASSION-FRUIT JUC,
PASSION-FRUIT JUC,
PEACHES,
PEACHES,
PEACHES,
PEACHES,
PEACHES,
PEACHES,
PEACHES,
PEACHES,
PEACHES,
PEACHES,
PEACHES,
PEACHES,
PEACHES,
PEACHES,
PEACH NECTAR,
PEARS,
PEARS,
PEARS,
PEARS,
PEARS,
PEARS,
PEARS,
PEARS,
PEARS,
PEARS,
PEAR NECTAR,
PERSIMMONS,
PERSIMMONS,
PERSIMMONS,
PINEAPPLE,
PINEAPPLE,
PINEAPPLE,
PINEAPPLE,
PINEAPPLE,
PINEAPPLE,
PINEAPPLE,
PINEAPPLE JUC,
PINEAPPLE JUC,
PINEAPPLE JUC,
PITANGA,
PLANTAINS,
PLANTAINS,
PLUMS,
PLUMS,
PLUMS,
PLUMS,
PLUMS,
PLUMS,
POMEGRANATES,
PRICKLY PEARS,
PRUNES,
PRUNES,
PRUNES,
PLUMS,
PLUMS,
PLUMS,
PRUNE JUICE,
PUMMELO,
QUINCES,
RAISINS,
RAISINS,
RAISINS,
RAMBUTAN,
RASPBERRIES,
RASPBERRIES,
RASPBERRIES,
RHUBARB,
RHUBARB,
RHUBARB,
ROSELLE,
ROSE-APPLES,
SAPODILLA,
SAPOTES,
SOURSOP,
STRAWBERRIES,
STRAWBERRIES,
STRAWBERRIES,
STRAWBERRIES,
STRAWBERRIES,
SUGAR-APPLES,
TAMARINDS,
FRUIT SALAD,
WATERMELON,
MARASCHINO CHERRIES,
FEIJOA,
PEARS,
FRUIT COCKTAIL,
BLUEBERRIES,
BLUEBERRIES,
PINEAPPLE,
APRICOTS,
CHERRIES,
PEACHES,
PEARS,
PLUMS,
TANGERINES,
APPLE JUC,
APPLESAUCE,
APPLESAUCE,
APRICOT NECTAR,
GRAPEFRUIT JUICE,
KIWIFRUIT,
ORANGE JUC,
PEACH NECTAR,
PEAR NECTAR,
PINEAPPLE JUC,
APPLE JUC,
APPLE JUC,
JACKFRUIT,
DATES,
DURIAN,
No Category,
No Category,
ABIYUCH,
ROWAL,
PINEAPPLE,
PINEAPPLE,
USDA CMDTY,
USDA CMDTY,
CLEMENTINES,
GUANABANA NECTAR,
GUAVA NECTAR,
MANGO NECTAR,
TAMARIND NECTAR,
USDA CMDTY PEACHES,
USDA CMDTY PEARS,
USDA CMDTY PEARS,
POMEGRANATE JUC,
JUICE,
JUICE,
PORK,
PORK,
PORK,
PORK,
PORK,
PORK,
PORK,
PORK,
PORK,
PORK,
PORK,
PORK,
PORK,
PORK,
PORK,
PORK,
PORK,
PORK,
PORK,
PORK,
PORK,
PORK,
PORK,
PORK,
PORK,
PORK,
PORK,
PORK,
PORK,
PORK,
PORK,
PORK,
PORK,
PORK,
PORK,
PORK,
PORK,
PORK,
PORK,
PORK,
PORK,
PORK,
PORK,
PORK,
PORK,
PORK,
PORK,
PORK,
PORK,
PORK,
PORK,
PORK,
PORK,
PORK,
PORK,
PORK,
PORK,
PORK,
PORK,
PORK,
No Category,
PORK,
PORK,
PORK,
PORK,
PORK,
PORK,
PORK,
PORK,
PORK,
PORK,
PORK,
PORK,
PORK,
PORK,
PORK,
PORK,
PORK,
PORK,
PORK,
PORK,
PORK,
PORK,
PORK,
PORK,
PORK,
PORK,
PORK,
PORK,
PORK,
PORK,
PORK,
PORK,
PORK,
PORK,
PORK,
PORK,
PORK,
PORK,
PORK,
PORK,
PORK,
PORK,
PORK,
PORK,
PORK,
PORK,
PORK,
PORK,
PORK,
PORK,
PORK,
PORK,
PORK,
PORK,
PORK,
PORK,
PORK,
PORK,
PORK,
PORK,
PORK,
PORK,
PORK,
PORK,
PORK,
PORK,
PORK,
PORK,
PORK,
PORK,
PORK,
PORK,
PORK,
PORK,
PORK,
PORK,
PORK,
PORK,
USDA CMDTY,
PORK,
PORK,
PORK,
PORK,
PORK,
PORK,
PORK,
PORK,
PORK,
PORK,
PORK,
PORK,
PORK,
PORK,
PORK,
PORK,
PORK,
PORK,
PORK,
PORK,
PORK,
PORK,
PORK,
PORK,
PORK,
PORK,
PORK,
PORK,
PORK,
PORK,
PORK,
PORK,
PORK,
PORK,
PORK,
PORK,
PORK,
PORK,
PORK,
PORK,
PORK,
PORK,
PORK,
PORK,
PORK,
PORK,
PORK,
PORK,
PORK,
PORK,
PORK,
PORK,
PORK,
PORK,
PORK,
PORK,
PORK,
PORK,
PORK,
PORK,
PORK,
USDA COMMODITY,
USDA COMMODITY,
USDA COMMODITY,
USDA COMMODITY,
HORMEL,
HORMEL ALWAYS TENDER,
HORMEL ALWAYS TENDER,
HORMEL ALWAYS TENDER,
HORMEL ALWAYS TENDER,
HORMEL ALWAYS TENDER,
No Category,
PORK,
PRK,
PORK,
PORK,
PORK,
PORK,
PORK,
PORK,
PORK,
PORK,
PORK,
PORK,
PORK,
PORK,
PORK,
PORK,
PORK,
PORK,
PRK,
PORK,
PORK,
PORK,
PORK,
PORK,
PORK,
PORK,
PORK,
PORK,
PORK,
PORK,
PORK,
PORK,
PORK,
PORK,
PORK,
PORK,
PORK,
PORK,
PORK,
PORK,
PORK,
PORK,
PORK,
PORK,
PORK,
PORK,
PORK,
PORK,
PORK,
PORK,
PORK,
PORK,
PORK,
PORK,
PORK,
PORK,
PORK,
PORK,
PORK,
PORK,
PORK,
PORK,
PORK,
PORK,
PORK,
PORK,
PORK,
PORK,
PORK,
PORK,
PORK,
PORK,
PORK,
PORK,
PORK,
PORK,
PORK,
PORK,
PORK,
PORK,
PORK,
PORK,
PORK,
PORK,
PORK,
PORK,
PORK,
PORK,
PORK,
PORK,
PORK,
PORK,
PORK,
PORK,
PORK,
PORK,
PORK,
PORK,
PORK,
PORK,
PORK,
PORK,
ALFALFA SEEDS,
AMARANTH LEAVES,
AMARANTH LEAVES,
ARROWHEAD,
ARROWHEAD,
ARTICHOKES,
ARTICHOKES,
ARTICHOKES,
ARTICHOKES,
ASPARAGUS,
ASPARAGUS,
ASPARAGUS,
ASPARAGUS,
ASPARAGUS,
ASPARAGUS,
BALSAM-PEAR (BITTER GOURD),
BALSAM-PEAR (BITTER GOURD),
BALSAM-PEAR (BITTER GOURD),
BALSAM-PEAR (BITTER GOURD),
BAMBOO SHOOTS,
BAMBOO SHOOTS,
BAMBOO SHOOTS,
BEANS,
BEANS,
LIMA BNS,
LIMA BNS,
BEANS,
LIMA BNS,
LIMA BNS,
LIMA BNS,
LIMA BNS,
MUNG BNS,
MUNG BNS,
MUNG BNS,
BEANS,
BEANS,
BEANS,
BEANS,
BEANS,
BEANS,
BEANS,
BEANS,
BEANS,
BEANS,
BEANS,
BEANS,
BEANS,
BEETS,
BEETS,
BEETS,
BEETS,
BEET GREENS,
BEET GRNS,
BROADBEANS,
BROADBEANS,
BROCCOLI,
BROCCOLI,
BROCCOLI,
BROCCOLI,
BROCCOLI,
BROCCOLI,
BROCCOLI RAAB,
BROCCOLI RAAB,
BRUSSELS SPROUTS,
BRUSSELS SPROUTS,
BRUSSELS SPROUTS,
BRUSSELS SPROUTS,
BURDOCK ROOT,
BURDOCK ROOT,
BUTTERBUR,
BUTTERBUR,
BUTTERBUR,
CABBAGE,
CABBAGE,
CABBAGE,
CABBAGE,
CABBAGE,
CABBAGE,
CABBAGE,
CABBAGE,
CABBAGE,
CABBAGE,
CARDOON,
CARDOON,
CARROTS,
CARROTS,
CARROTS,
CARROTS,
CARROTS,
CARROTS,
CASSAVA,
CAULIFLOWER,
CAULIFLOWER,
CAULIFLOWER,
CAULIFLOWER,
CELERIAC,
CELERIAC,
CELERY,
CELERY,
CELTUCE,
CHARD,
CHARD,
CHAYOTE,
CHAYOTE,
CHICORY,
CHICORY GREENS,
CHICORY ROOTS,
CHIVES,
CHRYSANTHEMUM,
CHRYSANTHEMUM,
COLESLAW,
COLLARDS,
COLLARDS,
COLLARDS,
COLLARDS,
CORIANDER (CILANTRO) LEAVES,
CORN,
CORN,
CORN,
CORN,
CORN,
CORN,
CORN,
CORN,
CORN,
CORN,
CORN,
CORN W/RED&GRN PEPPERS,
CORNSALAD,
COWPEAS (BLACKEYES),
COWPEAS (BLACKEYES),
COWPEAS (BLACKEYES),
COWPEAS (BLACKEYES),
COWPEAS,
COWPEAS,
YARDLONG BEAN,
YARDLONG BEAN,
COWPEAS,
COWPEAS,
CRESS,
CRESS,
CUCUMBER,
CUCUMBER,
DANDELION GREENS,
DANDELION GRNS,
EGGPLANT,
EGGPLANT,
EDAMAME,
EDAMAME,
ENDIVE,
GARLIC,
GINGER ROOT,
GOURD,
GOURD,
GOURD,
GOURD,
HORSERADISH-TREE LEAFY TIPS,
HORSERADISH-TREE,
HYACINTH-BEANS,
HYACINTH-BEANS,
JERUSALEM-ARTICHOKES,
JEW'S EAR,
PEPEAO,
JUTE,
JUTE,
KALE,
KALE,
KALE,
KALE,
KANPYO,
KOHLRABI,
KOHLRABI,
MUSHROOMS,
LAMBSQUARTERS,
LAMBSQUARTERS,
LEEKS,
LEEKS,
LENTILS,
LENTILS,
LETTUCE,
LETTUCE,
LETTUCE,
LETTUCE,
LOTUS ROOT,
LOTUS ROOT,
LETTUCE,
MOUNTAIN YAM,
MOUNTAIN YAM,
MUSHROOMS,
MUSHROOMS,
MUSHROOMS,
MUSHROOMS,
MUSHROOMS,
MUSHROOMS,
MUSHROOMS,
MUSHROOMS,
MUSHROOMS,
MUSTARD GREENS,
MUSTARD GRNS,
MUSTARD GRNS,
MUSTARD GRNS,
MUSTARD SPINACH,
MUSTARD SPINACH,
NEW ZEALAND SPINACH,
NEW ZEALAND SPINACH,
OKRA,
OKRA,
OKRA,
OKRA,
ONIONS,
ONIONS,
ONIONS,
ONIONS,
ONIONS,
ONIONS,
ONIONS,
ONIONS,
ONIONS,
ONIONS,
ONIONS,
ONIONS,
ONIONS,
ONION RINGS,
ONION RINGS,
PARSLEY,
PARSNIPS,
PARSNIPS,
PEAS,
PEAS,
PEAS,
PEAS,
PEAS,
PEAS,
PEAS,
PEAS,
PEAS,
PEAS,
PEAS,
PEAS,
PEAS,
PEAS&CARROTS,
PEAS&CARROTS,
PEAS&CARROTS,
PEAS&ONIONS,
PEAS&ONIONS,
PEAS&ONIONS,
PEPPERS,
PEPPERS,
PEPPERS,
PEPPERS,
PEPPERS,
PEPPERS,
PEPPERS,
PIGEONPEAS,
PIGEONPEAS,
No Category,
POKEBERRY SHOOTS,
POKEBERRY SHOOTS,
POTATO,
POTATOES,
POTATOES,
POTATOES,
POTATOES,
POTATOES,
POTATOES,
POTATOES,
POTATOES,
POTATOES,
POTATOES,
POTATOES,
POTATOES,
POTATOES,
POTATOES,
POTATOES,
POTATOES,
POTATOES,
POTATOES,
POTATOES,
POTATOES,
POTATOES,
POTATOES,
POTATOES,
POTATOES,
POTATOES,
POTATOES,
POTATOES,
POTATOES,
POTATOES,
POTATOES,
POTATOES,
POTATOES,
POTATOES,
POTATOES,
POTATOES,
POTATOES,
POTATOES,
POTATOES,
POTATOES,
POTATOES,
POTATO PUFFS,
POTATO PUFFS,
POTATOES,
POTATOES,
POTATOES,
POTATOES,
POTATOES,
POTATOES,
POTATOES,
POTATOES,
USDA COMMODITY,
POTATOES,
POTATOES,
No Category,
POTATO SALAD,
PUMPKIN FLOWERS,
PUMPKIN FLOWERS,
PUMPKIN LEAVES,
PUMPKIN LEAVES,
PUMPKIN,
PUMPKIN,
PUMPKIN,
PUMPKIN PIE MIX,
PURSLANE,
PURSLANE,
RADISHES,
RADISHES,
RADISHES,
RADISHES,
RUTABAGAS,
RUTABAGAS,
SALSIFY,
SALSIFY,
SAUERKRAUT,
SEAWEED,
SEAWEED,
SEAWEED,
SEAWEED,
SESBANIA FLOWER,
SESBANIA FLOWER,
SOYBEANS,
SOYBEANS,
SOYBEANS,
SOYBEANS,
SOYBEANS,
SPINACH,
SPINACH,
SPINACH,
SPINACH,
SPINACH,
SPINACH,
SQUASH,
SQUASH,
SQUASH,
SQUASH,
SQUASH,
SQUASH,
SQUASH,
SQUASH,
SQUASH,
SQUASH,
SQUASH,
SQUASH,
SQUASH,
SQUASH,
SQUASH,
SQUASH,
SQUASH,
SQUASH,
SQUASH,
SQUASH,
SQUASH,
SQUASH,
SQUASH,
SQUASH,
SUCCOTASH,
SUCCOTASH,
SUCCOTASH,
SUCCOTASH,
SUCCOTASH,
SUCCOTASH,
SWAMP CABBAGE,
SWAMP CABBAGE,
SWEET POTATO LEAVES,
SWEET POTATO LEAVES,
SWEET POTATO,
SWEET POTATO,
SWEET POTATO,
SWEETPOTATO,
SWEET POTATO,
SWEET POTATO,
SWEET POTATO,
TARO,
TARO,
TARO LEAVES,
TARO LEAVES,
TARO SHOOTS,
TARO SHOOTS,
TARO,
TARO,
TOMATOES,
TOMATOES,
TOMATOES,
TOMATOES,
TOMATOES,
TOMATOES,
TOMATO JUC,
TOMATO PRODUCTS,
TOMATO PRODUCTS,
No Category,
TOMATO PRODUCTS,
TOMATO PRODUCTS,
TOMATO PRODUCTS,
TOMATO PRODUCTS,
TOMATO PRODUCTS,
TOMATO PRODUCTS,
TREE FERN,
TURNIPS,
TURNIPS,
TURNIPS,
TURNIPS,
TURNIP GREENS,
TURNIP GRNS,
TURNIP GRNS,
TURNIP GRNS,
TURNIP GRNS,
TURNIP GRNS&TURNIPS,
TURNIP GRNS&TURNIPS,
VEGETABLE JUC COCKTAIL,
VEGETABLES,
VEGETABLES,
VEGETABLES,
VEGETABLES,
VINESPINACH,
WATERCHESTNUTS,
WATERCHESTNUTS,
WATERCRESS,
WAXGOURD,
WAXGOURD,
WINGED BNS,
WINGED BNS,
WINGED BEAN LEAVES,
WINGED BEAN TUBER,
YAM,
YAM,
YAMBEAN (JICAMA),
YAMBEAN (JICAMA),
BEETS,
BEETS,
BORAGE,
BORAGE,
CHIVES,
DOCK,
DOCK,
EPPAW,
HORSERADISH-TREE,
HORSERADISH-TREE,
KALE,
KALE,
LEEKS,
PARSLEY,
BEANS,
PEPPERS,
PEPPERS,
RADISHES,
SHALLOTS,
SQUASH,
SQUASH,
SQUASH,
SQUASH,
SWEET POTATO,
SWEET POTATO,
TOMATO PRODUCTS,
BEANS,
BEANS,
CARROT JUICE,
CORN PUDD,
POTATOES,
No Category,
SWEET POTATO,
TOMATOES,
SEAWEED,
SEAWEED,
SEAWEED,
SEAWEED,
PEPPERS,
POTATOES,
No Category,
POTATO,
POTATOES,
RADISH SEEDS,
SHALLOTS,
CARROT,
TOMATOES,
TOMATOES,
TOMATOES,
ARROWROOT,
CHRYSANTHEMUM LEAVES,
AMARANTH LEAVES,
ARROWHEAD,
ARTICHOKES,
ARTICHOKES,
ASPARAGUS,
ASPARAGUS,
ASPARAGUS,
BALSAM-PEAR (BITTER GOURD),
BALSAM-PEAR (BITTER GOURD),
BAMBOO SHOOTS,
BEANS,
LIMA BNS,
LIMA BNS,
LIMA BNS,
LIMA BNS,
MUNG BNS,
BEANS,
BEANS,
BEANS,
BEANS,
BEANS,
BEANS,
BEANS,
BEANS,
BEANS,
BEANS,
BEANS,
BEANS,
BEANS,
BEANS,
BEANS,
BEETS,
BEETS,
BEET GRNS,
BORAGE,
BROADBEANS,
BROCCOLI,
BROCCOLI,
BROCCOLI,
BROCCOLI,
BROCCOLI,
BROCCOLI,
BRUSSELS SPROUTS,
BRUSSELS SPROUTS,
BURDOCK ROOT,
BUTTERBUR,
CABBAGE,
CABBAGE,
CABBAGE,
CABBAGE,
CABBAGE,
CABBAGE,
CABBAGE,
CARDOON,
CARROTS,
CARROTS,
CARROTS,
CARROTS,
CAULIFLOWER,
CAULIFLOWER,
CELERIAC,
CELERY,
CHARD,
CHAYOTE,
CHRYSANTHEMUM,
COLLARDS,
COLLARDS,
CORN,
CORN,
CORN,
CORN,
CORN,
CORN,
COWPEAS (BLACKEYES),
COWPEAS (BLACKEYES),
COWPEAS,
COWPEAS,
CRESS,
DANDELION GRNS,
EGGPLANT,
GOURD,
GOURD,
HORSERADISH-TREE,
HORSERADISH-TREE,
HYACINTH-BEANS,
JUTE,
KALE,
KALE,
KALE,
KOHLRABI,
LAMBS QUARTERS,
LEEKS,
LOTUS ROOT,
MUSHROOMS,
MUSHROOMS,
MUSTARD GRNS,
MUSTARD GRNS,
MUSTARD SPINACH,
NEW ZEALAND SPINACH,
OKRA,
OKRA,
ONIONS,
ONIONS,
ONIONS,
PARSNIPS,
PEAS,
PEAS,
PEAS,
PEAS,
PEAS,
PEAS,
PEAS,
PEAS&CARROTS,
PEAS&CARROTS,
PEAS&ONIONS,
PEPPERS,
PEPPERS,
PEPPERS,
PEPPERS,
PEPPERS,
PEPPERS,
PEPPERS,
PIGEONPEAS,
POKEBERRY SHOOTS,
POTATOES,
POTATOES,
POTATOES,
POTATOES,
POTATOES,
POTATOES,
POTATOES,
POTATOES,
POTATOES,
POTATOES,
POTATOES,
POTATOES,
POTATOES,
POTATOES,
POTATOES,
PUMPKIN,
PUMPKIN,
PUMPKIN,
PUMPKIN LEAVES,
PURSLANE,
RADISHES,
RUTABAGAS,
SALSIFY,
SOYBEANS,
SPINACH,
SPINACH,
SPINACH,
SQUASH,
SQUASH,
SQUASH,
SQUASH,
SQUASH,
SQUASH,
SQUASH,
SQUASH,
SQUASH,
SQUASH,
SQUASH,
SQUASH,
SQUASH,
SQUASH,
SUCCOTASH,
SUCCOTASH,
SWAMP CABBAGE,
SWEET POTATO LEAVES,
SWEET POTATO,
SWEET POTATO,
SWEET POTATO,
TARO,
TARO,
TARO,
TARO,
TOMATOES,
TOMATOES,
TOMATO JUC,
TOMATO PRODUCTS,
TOMATO PRODUCTS,
TURNIPS,
TURNIPS,
TURNIP GRNS,
TURNIP GRNS,
TURNIP GRNS&TURNIPS,
VEGETABLES,
WAXGOURD,
WINGED BEAN,
YAM,
YAMBEAN (JICAMA),
YARDLONG BEAN,
CORN,
CORN,
CORN,
CORN,
CORN,
CORN,
CORN,
CORN,
CORN,
CORN,
CORN,
CORN,
CORN,
CORN,
CORN,
CORN,
PEPPERS,
PEPPERS,
PEPPERS,
PEPPERS,
PEPPERS,
SESBANIA FLOWER,
SOYBEANS,
SOYBEANS,
DOCK,
LENTILS,
MOUNTAIN YAM,
TREE FERN,
POTATOES,
POTATOES,
PEPPERS,
BEANS,
BEANS,
POTATOES,
No Category,
PICKLES,
PICKLES,
PICKLES,
PIMENTO,
PICKLE RELISH,
PICKLE RELISH,
PICKLES,
PICKLES,
PICKLES,
CATSUP,
MUSHROOMS,
PEPPERS,
RADICCHIO,
SQUASH,
TOMATILLOS,
TOMATOES,
TOMATOES,
FENNEL,
PICKLE RELISH,
ARUGULA,
CARROTS,
HEARTS OF PALM,
PEPPERS,
NOPALES,
NOPALES,
CAULIFLOWER,
CAULIFLOWER,
CAULIFLOWER,
BROCCOLI,
CABBAGE,
LEMON GRASS (CITRONELLA),
BEANS,
GRAPE LEAVES,
GRAPE LEAVES,
PEPPER,
PEPPER,
PEPPER,
PEPPERS,
PEPPERS,
PEPPERS,
PEPPERS,
PICKLES,
EPAZOTE,
FIREWEED,
MALABAR SPINACH,
MUSHROOM,
FUNGI,
MUSHROOMS,
WASABI,
YAUTIA (TANNIER),
MUSHROOMS,
MUSHROOMS,
FIDDLEHEAD FERNS,
FIDDLEHEAD FERNS,
BREADFRUIT SEEDS,
BREADFRUIT SEEDS,
BREADNUTTREE SEEDS,
BREADNUTTREE SEEDS,
CHIA SEEDS,
COTTONSEED FLR,
COTTONSEED FLR,
COTTONSEED MEAL,
LOTUS SEEDS,
PUMPKIN&SQUASH SD KRNLS,
PUMPKIN&SQUASH SD KRNLS,
SAFFLOWER SD KRNLS,
SAFFLOWER SD MEAL,
SESAME SEEDS,
SESAME SEEDS,
SESAME SD KRNLS,
SESAME FLR,
SESAME FLOUR,
SESAME MEAL,
SUNFLOWER SD KRNLS,
SUNFLOWER SD KRNLS,
SUNFLOWER SD KRNLS,
SUNFLOWER SD KRNLS,
SUNFLOWER SD BUTTER,
SUNFLOWER SD FLR,
ACORNS,
ACORNS,
ACORN FLOUR,
No Category,
ALMONDS,
ALMONDS,
ALMONDS,
No Category,
BEECHNUTS,
BRAZILNUTS,
BUTTERNUTS,
CASHEW NUTS,
CASHEW NUTS,
NUTS,
CASHEW BUTTER,
CHESTNUTS,
CHESTNUTS,
CHESTNUTS,
CHESTNUTS,
CHESTNUTS,
CHESTNUTS,
CHESTNUTS,
CHESTNUTS,
CHESTNUTS,
COCONUT MEAT,
COCONUT MEAT,
COCONUT MEAT,
COCONUT MEAT,
COCONUT MEAT,
COCONUT CRM,
NUTS,
COCONUT MILK,
COCONUT MILK,
No Category,
No Category,
HAZELNUTS OR FILBERTS,
HAZELNUTS OR FILBERTS,
GINKGO NUTS,
GINKGO NUTS,
GINKGO NUTS,
HICKORYNUTS,
MACADAMIA NUTS,
MACADAMIA NUTS,
MIXED NUTS,
MIXED NUTS,
MIXED NUTS,
FORMULATED,
No Category,
PECANS,
PECANS,
PILINUTS-CANARYTREE,
NUTS,
PINE NUTS,
PISTACHIO NUTS,
PISTACHIO NUTS,
WALNUTS,
WALNUTS,
BREADFRUIT SEEDS,
COTTONSEED KRNLS,
PUMPKIN&SQUASH SEEDS,
SESAME BUTTER,
CHESTNUTS,
SESAME BUTTER,
SESAME FLOUR,
SESAME BUTTER,
WATERMELON SD KRNLS,
CHESTNUTS,
COCONUT MILK,
COCONUT MEAT,
COCONUT MEAT,
SISYMBRIUM SP. SEEDS,
ALMOND BUTTER,
SESAME BUTTER,
FORMULATED,
FORMULATED,
SESAME SD KRNLS,
CHESTNUTS,
CHESTNUTS,
CHESTNUTS,
LOTUS SEEDS,
ALMONDS,
SEEDS,
PUMPKIN&SQUASH SD KRNLS,
SESAME SD KRNLS,
SUNFLOWER SD KRNLS,
SUNFLOWER SD KRNLS,
SUNFLOWER SD KRNLS,
SUNFLOWER SD BUTTER,
ALMONDS,
ALMONDS,
CASHEW NUTS,
CASHEW NUTS,
CASHEW BUTTER,
MACADAMIA NUTS,
MIXED NUTS,
NUTS,
MIXED NUTS,
PECANS,
PECANS,
PISTACHIO NUTS,
PUMPKIN&SQUASH SEEDS,
ALMOND BUTTER,
SESAME BUTTER,
BEEF,
BEEF,
BEEF,
BEEF,
BEEF,
BEEF,
BEEF,
BEEF,
BEEF,
BEEF,
BEEF,
BEEF,
BEEF,
BEEF,
BF,
BEEF,
BEEF,
BEEF,
BEEF,
BEEF,
BEEF,
BEEF,
USDA CMDTY,
BEEF,
BEEF,
BEEF,
BEEF,
BEEF,
BEEF,
BEEF,
BEEF,
BEEF,
BEEF,
BEEF,
BEEF,
BEEF,
BEEF,
BEEF,
BEEF,
BEEF,
BEEF,
BEEF,
BEEF,
BEEF,
BEEF,
BEEF,
BEEF,
BEEF,
BEEF,
BEEF,
BEEF,
BEEF,
BEEF,
BEEF,
BEEF,
BEEF,
BEEF,
BEEF,
BEEF,
BEEF,
BEEF,
BEEF,
BEEF,
BEEF,
BEEF,
BEEF,
BEEF,
BEEF,
BEEF,
BEEF,
BEEF,
BEEF,
BEEF,
BEEF,
BEEF,
BEEF,
BEEF,
BEEF,
BEEF,
BEEF,
BEEF,
BEEF,
BEEF,
BEEF,
BEEF,
BEEF,
BEEF,
BEEF,
BEEF,
BEEF,
BEEF,
BEEF,
BEEF,
BEEF,
BEEF,
BEEF,
BEEF,
BEEF,
BEEF,
BEEF,
BEEF,
BEEF,
BEEF,
BEEF,
BEEF,
BEEF,
BEEF,
BEEF,
BEEF,
BEEF,
BEEF,
BEEF,
BEEF,
BEEF,
BEEF,
BEEF,
BEEF,
BEEF,
BEEF,
BEEF,
BEEF,
BEEF,
BEEF,
BEEF,
BEEF,
BEEF,
BEEF,
BEEF,
BEEF,
BEEF,
BEEF,
BEEF,
BEEF,
BEEF,
BEEF,
BEEF,
BEEF,
BEEF,
BEEF,
BEEF,
BEEF,
BEEF,
BEEF,
BEEF,
BEEF,
BEEF,
BEEF,
BEEF,
BEEF,
BEEF,
BEEF,
BEEF,
BEEF,
BEEF,
BEEF,
BEEF,
BEEF,
BEEF,
BEEF,
BEEF,
BEEF,
BEEF,
BEEF,
BEEF,
BEEF,
BEEF,
BEEF,
BEEF,
BEEF,
BEEF,
BEEF,
BEEF,
BEEF,
BEEF,
BEEF,
BEEF,
BEEF,
BEEF,
BEEF,
BEEF,
BEEF,
BEEF,
BEEF,
BEEF,
BEEF,
BEEF,
BEEF,
BEEF,
BEEF,
BEEF,
BEEF,
BEEF,
BEEF,
BEEF,
BEEF,
BEEF,
BEEF,
BEEF,
BEEF,
BEEF,
BEEF,
BEEF,
BEEF,
BEEF,
BEEF,
BEEF,
BEEF,
BEEF,
BEEF,
BEEF,
BEEF,
BEEF,
BEEF,
BEEF,
BEEF,
BEEF,
BEEF,
BEEF,
BEEF,
BEEF,
BEEF,
BEEF,
BEEF,
BEEF,
BEEF,
BEEF,
BEEF,
BEEF,
BEEF,
BEEF,
BEEF,
BEEF,
BEEF,
BEEF,
BEEF,
BEEF,
BEEF,
BEEF,
BEEF,
BEEF,
BEEF,
BEEF,
BEEF,
BEEF,
BEEF,
BEEF,
BEEF,
BEEF,
BEEF,
BEEF,
BEEF,
BEEF,
BEEF,
BEEF,
BEEF,
BEEF,
BEEF,
BEEF,
BEEF,
BEEF,
BEEF,
BEEF,
BEEF,
BEEF,
BEEF,
BEEF,
BEEF,
BEEF,
BEEF,
BEEF,
BEEF,
BEEF,
BEEF,
BEEF,
BEEF,
BEEF,
BEEF,
BEEF,
BEEF,
BEEF,
BEEF,
BEEF,
BEEF,
BEEF,
BEEF,
BEEF,
BEEF,
BEEF,
BEEF,
BEEF,
BEEF,
BEEF,
BEEF,
BEEF,
BEEF,
BEEF,
BEEF,
BEEF,
BEEF,
BEEF,
BEEF,
BEEF,
BEEF,
BEEF,
BEEF,
BF,
BEEF,
BEEF,
BEEF,
BEEF,
BEEF,
BEEF,
BEEF,
BEEF,
BEEF,
BEEF,
BEEF,
BEEF,
BEEF,
BEEF,
BEEF,
BEEF,
BF,
BEEF,
ALCOHOLIC BEV,
ALCOHOLIC BEV,
ALCOHOLIC BEV,
ALCOHOLIC BEV,
ALCOHOLIC BEV,
ALCOHOLIC BEV,
ALCOHOLIC BEV,
ALCOHOLIC BEV,
ALCOHOLIC BEV,
ALCOHOLIC BEV,
ALCOHOLIC BEV,
WHISKEY SOUR MIX,
ALCOHOLIC BEV,
ALCOHOLIC BEV,
WHISKEY SOUR MIX,
ALCOHOLIC BEV,
ALCOHOLIC BEV,
ALCOHOLIC BEV,
ALCOHOLIC BEV,
ALCOHOLIC BEV,
ALCOHOLIC BEV,
ALCOHOLIC BEV,
ALCOHOLIC BEV,
ALCOHOLIC BEV,
CAMPBELL SOUP COMPANY,
CAMPBELL SOUP COMPANY,
CAMPBELL SOUP COMPANY,
ALCOHOLIC BEV,
ALCOHOLIC BEV,
ALCOHOLIC BEV,
ALCOHOLIC BEV,
ALCOHOLIC BEV,
ALCOHOLIC BEV,
ALCOHOLIC BEV,
ALCOHOLIC BEV,
ALCOHOLIC BEV,
ALCOHOLIC BEV,
ALCOHOLIC BEV,
ALCOHOLIC BEV,
ALCOHOLIC BEV,
ALCOHOLIC BEV,
BEEF BROTH&TOMATO JUC,
ALCOHOLIC BEV,
ALCOHOLIC BEV,
MIXED VEG & FRUIT JUC DRK,
ALCOHOLIC BEV,
CARBONATED BEV,
ALCOHOLIC BEV,
ALCOHOLIC BEV,
CARBONATED BEV,
DRINK MIX,
ALCOHOLIC BEV,
ALCOHOLIC BEV,
ALCOHOLIC BEV,
CARBONATED BEV,
TEA,
ALCOHOLIC BEV,
ALCOHOLIC BEV,
CARBONATED BEV,
CARBONATED BEV,
CARBONATED BEV,
CARBONATED BEV,
CARBONATED BEV,
CARBONATED BEV,
CARBONATED BEV,
CARBONATED BEV,
CARBONATED BEV,
CARB BEV,
ALCOHOLIC BEV,
CARBONATED BEV,
ENGY DRK,
CARBONATED BEV,
ENG DRK,
CARBONATED BEV,
ALCOHOLIC BEV,
ALCOHOLIC BEV,
CARBONATED BEV,
CAROB-FLAVOR BEV MIX,
CAROB-FLAVOR BEV MIX,
CHOCOLATE-FLAVOR BEV MIX FOR MILK,
CHOCOLATE-FLAVOR BEV MIX,
No Category,
CHOCOLATE SYRUP,
CLAM&TOMATO JUC,
COCOA MIX,
COCOA MIX,
COCOA MIX,
COCOA MIX,
COCOA MIX,
COFFEE,
COFFEE,
COFFEE,
COFFEE&COCOA (MOCHA) PDR,
COFFEE,
COFFEE,
COFFEE,
COFFEE,
COFFEE,
COFFEE,
COFFEE,
COFFEE,
COFFEE,
COFFEE,
COFFEE,
COFFEE SUB,
COFFEE SUB,
CRANBERRY-APPLE JUC DRK,
CRANBERRY-APRICOT JUC DRK,
CRANBERRY-GRAPE JUC DRK,
CRANBERRY JUC COCKTAIL,
CRANBERRY JUC COCKTAIL,
EGGNOG-FLAVOR MIX,
CITRUS FRUIT JUC DRK,
CITRUS FRUIT JUC DRK,
FRUIT PUNCH DRK,
FRUIT PUNCH DRK,
FRUIT PUNCH DRK,
FRUIT PUNCH DRK,
GRAPE DRINK,
GRAPE JUICE DRINK,
LEMONADE,
LEMONADE,
LEMONADE,
LEMONADE,
LEMONADE,
LEMONADE,
LEMONADE-FLAVOR DRK,
LEMONADE-FLAVOR DRK,
LIMEADE,
LIMEADE,
No Category,
MALTED DRK MIX,
MALTED DRK MIX,
MALTED DRK MIX,
MALTED DRK MIX,
MALTED DRK MIX,
MALTED DRK MIX,
MALTED DRK MIX,
MALTED DRK MIX,
ORANGE DRK,
ORANGE&APRICOT JUC DRK,
PINEAPPLE&GRAPEFRUIT JUC DRK,
PINEAPPLE&ORANGE JUC DRK,
SHAKE,
SHAKE,
STRAWBERRY-FLAVOR BEV MIX,
STRAWBERRY-FLAVOR BEV MIX,
TEA,
TEA,
TEA,
TEA,
TEA,
TEA,
TEA,
TEA,
TEA,
TEA,
TEA,
TEA,
TEA,
SPORTS DRK,
WATER,
WATER,
COCOA MIX,
CARBONATED BEV,
FRUIT PUNCH JUC DRK,
FRUIT PUNCH JUC DRK,
ORANGE-FLAVOR DRK,
ORANGE-FLAVOR DRK,
ORANGE-FLAVOR DRK,
WATER,
WATER,
ALCOHOLIC BEV,
ALCOHOLIC BEV,
CARB BEV,
COFFEE SUB,
DAIRY DRK MIX,
DAIRY DRK MIX,
ORANGE-FLAVOR DRK,
ORANGE-FLAVOR DRK,
ORANGE DRK,
ORANGE DRK,
SHAKE,
WATER,
CRANBERRY JUC COCKTAIL,
CRANBERRY JUC COCKTAIL,
WATER,
WATER,
WATER,
ORANGE BRKFST DRK,
ORANGE BRKFST DRK,
WATER,
WATER,
WATER,
WATER,
DRINK MIX,
SPORTS DRK,
SPORTS DRK,
QUAKER OATS,
TEA,
TEA,
WHISKEY SOUR MIX,
ALCOHOLIC BEV,
ALCOHOLIC BEV,
ALCOHOLIC BEV,
ALCOHOLIC BEV,
ALCOHOLIC BEV,
CARBONATED BEV,
COCOA MIX,
FRUIT PUNCH-FLAVOR DRK,
FRUIT PUNCH-FLAVOR DRK,
LEMONADE,
LEMONADE,
TEA,
TEA,
TEA,
ALCOHOLIC BEV,
ALCOHOLIC BEV,
CARBONATED BEV,
WINE,
WATER,
CHOCOLATE-FLAVOR BEV MIX FOR MILK,
CHOC-FLV BEV MIX FOR MILK,
WATER,
TEA,
ALCOHOLIC BEV,
WATER,
WATER W/ ADDED VITAMINS & MINERALS,
BREAKFAST TYPE DRK,
CAMPBELL SOUP COMPANY,
CAMPBELL SOUP COMPANY,
CAMPBELL SOUP COMPANY,
CAMPBELL SOUP COMPANY,
CAMPBELL SOUP COMPANY,
CAMPBELL SOUP COMPANY,
CAMPBELL SOUP COMPANY,
CAMPBELL SOUP COMPANY,
CAMPBELL SOUP COMPANY,
CAMPBELL SOUP COMPANY,
CAMPBELL SOUP COMPANY,
CAMPBELL SOUP COMPANY,
CAMPBELL SOUP COMPANY,
CAMPBELL SOUP COMPANY,
CAMPBELL SOUP COMPANY,
CAMPBELL SOUP COMPANY,
CAMPBELL SOUP COMPANY,
COFFEE SUB,
ANCHOVY,
ANCHOVY,
BASS,
BASS,
BLUEFISH,
BURBOT,
BUTTERFISH,
CARP,
CARP,
CATFISH,
CATFISH,
CAVIAR,
CISCO,
CISCO,
COD,
COD,
COD,
COD,
COD,
CROAKER,
CROAKER,
CUSK,
DOLPHINFISH,
DRUM,
EEL,
EEL,
FISH PORTIONS&STKS,
FLATFISH (FLOUNDER&SOLE SP),
FLATFISH (FLOUNDER&SOLE SP),
GEFILTEFISH,
GROUPER,
GROUPER,
HADDOCK,
HADDOCK,
HADDOCK,
HALIBUT,
HALIBUT,
HALIBUT,
HERRING,
HERRING,
HERRING,
HERRING,
HERRING,
LING,
LINGCOD,
MACKEREL,
MACKEREL,
MACKEREL,
MACKEREL,
MACKEREL,
MACKEREL,
MACKEREL,
MILKFISH,
MONKFISH,
MULLET,
MULLET,
OCEAN PERCH,
OCEAN PERCH,
POUT,
PERCH,
PERCH,
PIKE,
PIKE,
PIKE,
POLLOCK,
POLLOCK,
POLLOCK,
POMPANO,
POMPANO,
ROCKFISH,
ROCKFISH,
ROE,
ROUGHY,
SABLEFISH,
SABLEFISH,
SALMON,
SALMON,
SALMON,
SALMON,
SALMON,
SALMON,
SALMON,
SALMON,
SALMON,
SALMON,
SALMON,
SALMON,
SARDINE,
SARDINE,
SCUP,
SEA BASS,
SEA BASS,
SEATROUT,
SHAD,
SHARK,
SHARK,
SHEEPSHEAD,
SHEEPSHEAD,
SMELT,
SMELT,
SNAPPER,
SNAPPER,
SPOT,
STURGEON,
STURGEON,
STURGEON,
SUCKER,
SUNFISH,
No Category,
SWORDFISH,
SWORDFISH,
TILEFISH,
TILEFISH,
TROUT,
TROUT,
TROUT,
TUNA,
TUNA,
TUNA,
TUNA,
TUNA,
TUNA,
TUNA,
TUNA,
No Category,
TURBOT,
WHITEFISH,
WHITEFISH,
WHITING,
WHITING,
WOLFFISH,
YELLOWTAIL,
CRAB,
CRAB,
CRAB,
CRAB,
CRAB,
CRAB,
CRAB,
CRAB,
CRAB,
CRAYFISH,
CRAYFISH,
LOBSTER,
LOBSTER,
SHRIMP,
SHRIMP,
SHRIMP,
SHRIMP,
SHRIMP,
SPINY LOBSTER,
ABALONE,
ABALONE,
CLAM,
CLAM,
CLAM,
CLAM,
CLAM,
CUTTLEFISH,
MUSSEL,
MUSSEL,
OCTOPUS,
OYSTER,
OYSTER,
OYSTER,
OYSTER,
OYSTER,
SCALLOP,
SCALLOP,
SCALLOP,
SQUID,
SQUID,
WHELK,
WHELK,
SALMON,
SALMON,
SALMON,
SALMON,
TUNA,
TUNA,
TUNA,
TUNA,
BASS,
BASS,
BLUEFISH,
BURBOT,
BUTTERFISH,
COD,
CUSK,
DOLPHINFISH,
DRUM,
HALIBUT,
HERRING,
LING,
LINGCOD,
MACKEREL,
MACKEREL,
MILKFISH,
MONKFISH,
PIKE,
POLLOCK,
POUT,
ROE,
SABLEFISH,
SALMON,
SALMON,
SALMON,
SALMON,
SCUP,
SEATROUT,
SHAD,
SPOT,
SUCKER,
SUNFISH,
TROUT,
TUNA,
TUNA,
TURBOT,
WHITEFISH,
WOLFFISH,
YELLOWTAIL,
CRAB,
CRAB,
SPINY LOBSTER,
CUTTLEFISH,
OCTOPUS,
OYSTER,
ROUGHY,
CATFISH,
CATFISH,
CATFISH,
SALMON,
SALMON,
SALMON,
SALMON,
TROUT,
TROUT,
CRAYFISH,
CRAYFISH,
OYSTER,
OYSTER,
OYSTER,
SALMON,
CONCH,
USDA COMMODITY,
USDA COMMODITY,
SALMON,
FISH,
FISH,
BEANS,
BEANS,
BEANS,
BEANS,
BEANS,
BEANS,
BEANS,
BEANS,
BEANS,
BEANS,
BEANS,
BEANS,
BEANS,
BEANS,
BEANS,
BEANS,
BEANS,
BEANS,
BEANS,
BEANS,
BEANS,
BEANS,
BEANS,
BEANS,
BEANS,
BEANS,
BEANS,
BEANS,
BEANS,
BEANS,
BEANS,
BEANS,
BEANS,
BEANS,
BEANS,
BEANS,
BEANS,
BEANS,
BEANS,
BEANS,
BEANS,
BEANS,
BEANS,
BEANS,
BEANS,
BEANS,
BEANS,
BEANS,
BEANS,
BROADBEANS (FAVA BEANS),
BROADBEANS (FAVA BNS),
BROADBEANS (FAVA BNS),
No Category,
CHICKPEAS (GARBANZO BNS,
CHICKPEAS ,
CHICKPEAS (GARBANZO BNS,
CHILI WITH BEANS,
COWPEAS,
COWPEAS,
COWPEAS,
COWPEAS,
COWPEAS,
COWPEAS,
HYACINTH BNS,
HYACINTH BNS,
LENTILS,
LENTILS,
LIMA BNS,
LIMA BNS,
LIMA BNS,
LIMA BNS,
LIMA BNS,
LUPINS,
LUPINS,
MOTHBEANS,
MOTHBEANS,
MUNG BNS,
MUNG BNS,
NOODLES,
MUNGO BNS,
MUNGO BNS,
PEAS,
PEAS,
PEANUTS,
PEANUTS,
PEANUTS,
PEANUTS,
PEANUTS,
PEANUTS,
PEANUTS,
PEANUTS,
PEANUTS,
PEANUTS,
PEANUT BUTTER,
PEANUT BUTTER,
PEANUT FLOUR,
PEANUT FLOUR,
PIGEON PEAS (RED GM),
PIGEON PEAS (RED GM),
REFRIED BNS,
BACON,
No Category,
SAUSAGE,
SOYBEANS,
SOYBEANS,
SOYBEANS,
SOYBEANS,
No Category,
No Category,
No Category,
SOY FLOUR,
SOY FLR,
SOY FLOUR,
SOY FLOUR,
SOY MEAL,
SOYMILK,
SOY PROT CONC,
No Category,
No Category,
No Category,
No Category,
TOFU,
TOFU,
TOFU,
TOFU,
TOFU,
TOFU,
YARDLONG BNS,
YARDLONG BNS,
WINGED BNS,
BEANS,
HUMMUS,
FALAFEL,
SOYMILK,
LENTILS,
No Category,
PEANUT SPRD,
PEANUT BUTTER,
ENSURE FIBER W/ FOS,
PEANUT BUTTER,
PEANUT BUTTER,
No Category,
HUMMUS,
TOFU,
TOFU,
MORI-NU,
MORI-NU,
MORI-NU,
MOR-NU,
MORI-NU,
SOYMILK,
USDA CMDTY,
SOYMILK,
REFRIED BNS,
REFRIED BNS,
FRIJOLES ROJOS VOLTEADOS (REFRIED BNS,
TEMPEH,
SOY PROT ISOLATE,
SOY PROT ISOLATE,
CAMPBELL SOUP CO.,
CAMPBELL SOUP COMPANY,
CAMPBELL SOUP COMPANY,
CAMPBELL SOUP COMPANY,
CAMPBELL SOUP COMPANY,
VITASOY USA,
VITASOY USA,
VITASOY USA,
VITASOY USA,
VITASOY USA,
VITASOY USA,
VITASOY USA,
SOYMILK (ALL FLAVORS),
SOYMILK (ALL FLAVORS),
SOYMILK,
SOYMILK,
SOYMILK,
SOYMILK (ALL FLAVORS),
SOYMILK (ALL FLAVORS),
SILK PLN,
SILK VANILLA,
SILK CHOC,
SILK LT PLN,
SILK LT VANILLA,
SILK LT CHOC,
SILK PLUS OMEGA-3 DHA,
SILK PLUS FOR BONE HEALTH,
SILK PLUS FIBER,
SILK UNSWTND,
SILK VERY VANILLA,
SILK NOG,
SILK CHAI,
SILK MOCHA,
SILK COFFEE,
No Category,
No Category,
No Category,
No Category,
No Category,
No Category,
No Category,
No Category,
No Category,
No Category,
No Category,
No Category,
No Category,
BEANS,
BEANS,
BEANS,
BEANS,
BEANS,
BEANS,
BEANS,
BEANS,
BEANS,
BEANS,
BEANS,
BEANS,
BEANS,
BEANS,
BEANS,
BEANS,
BROADBEANS (FAVA BNS),
CHICKPEAS,
COWPEAS,
COWPEAS,
HYACINTH BNS,
LENTILS,
LIMA BNS,
LIMA BNS,
LUPINS,
MOTHBEANS,
MUNG BNS,
MUNGO BNS,
PEAS,
PEANUTS,
PEANUTS,
PEANUTS,
PEANUTS,
PEANUTS,
PEANUT BUTTER,
PEANUT BUTTER,
PEANUT BUTTER W/ OMEGA-3,
PIGEON PEAS (RED GM),
SOYBEANS,
SOYBEANS,
SOY FLR,
SOY FLR,
SOY FLR,
SOY FLR,
SOY MEAL,
SOY PROT CONC,
SOY PROT CONC,
SOY PROT ISOLATE,
SOY PROT ISOLATE,
SOY SAU MADE FROM SOY&WHEAT (SHOYU),
TOFU,
TOFU,
TOFU,
TOFU,
TOFU,
YARDLONG BNS,
WINGED BNS,
LOMA LINDA LITTLE LINKS,
LOMA LINDA FRIED CHIK'N W/ GRAVY,
LOMA LINDA LOFAT BIG FRANKS,
LOMA LINDA DINNER CUTS,
LOMA LINDA TENDER ROUNDS W/ GRAVY,
LOMA LINDA SWISS STAKE W/ GRAVY,
LOMA LINDA VEGE-BURGER,
LOMA LINDA REDI-BURGER,
LOMA LINDA TENDER BITS,
LOMA LINDA LINKETTS,
WORTHINGTON CHILI,
WORTHINGTON CHOPLETS,
WORTHINGTON DICED CHIK,
WORTHINGTON FRICHIK,
WORTHINGTON LOFAT FRI CHIK,
WORTHINGTON LOFAT VEJA-LINKS,
WORTHINGTON MULTIGRAIN CUTLETS,
WORTHINGTON PRIME STAKES,
WORTHINGTON SAUCETTES,
WORTHINGTON SUPER LINKS,
WORTHINGTON TURKEE SLICES,
WORTHINGTON VEG SKALLOPS,
WORTHINGTON VEG STEAKS,
WORTHINGTON VEGETARIAN BURGER,
WORTHINGTON VEJA-LINKS,
WORTHINGTON CHIC-KETTS,
WORTHINGTON MEATLESS CHICK,
WORTHINGTON MEATLESS CORNED BF,
WORTHINGTON DINNER RST,
WORTHINGTON FRIPATS,
WORTHINGTON DINNER RST,
WORTHINGTON PROSAGE LINKS,
WORTHINGTON PROSAGE ROLL,
WORTHINGTON SMOKED TURKEY,
WORTHINGTON STAKELETS,
WORTHINGTON STRIPPLES,
WORTHINGTON WHAM,
MORNINGSTAR FARMS VEGGIE CORN DOGS W/ NAT INGR,
MORNINGSTAR FARMS BRKFST PATTIE MADE W/ ORG SOY,
MORNINGSTAR FARMS OKARA PATTIES MADE W/ ORG SOY,
MORNINGSTAR FARMS RSTD HERB CHIK'N W/ ORG SOY,
MORNINGSTAR FARMS VEGGIE BACON STRIPS,
MORNINGSTAR FARMS VEGGIE BITES COUNTRY SCRAMBLE,
MORNINGSTAR FARMS VEGGIE BITES EGGS FLORENTINE,
MORNINGSTAR FARMS VEGGIE SAUSAGE LINKS,
MORNINGSTAR FARMS CHEDDAR BURGER,
MORNINGSTAR FARMS GRILLERS ORIGINAL,
MORNINGSTAR FARMS GRILLERS PRIME,
MORNINGSTAR FARMS PHILLY CHEESESTEAK BURGER,
MORNINGSTAR FARMS ASIAN VEGGIE PATTIES,
MORNINGSTAR FARMS MUSHROOM LOVER'S BURGER,
MORNINGSTAR FARMS TOMATO & BASIL PIZZA BURGER,
MORNINGSTAR FARMS MEATFREE BUFFALO WINGS,
MORNINGSTAR FARMS CHIK'N NUGGETS,
MORNINGSTAR FARMS CHIK PATTIES ORIGINAL,
MORNINGSTAR FARMS ITALIAN HERB CHIK PATTIES,
MORNINGSTAR FARMS ORIGINAL CHIK'N TENDERS,
MORNINGSTAR FARMS MEATLESS CORN DOGS,
MORNINGSTAR FARMS MEATLESS MINI CORN DOGS,
MORNINGSTAR FARMS MEAL STARTERS CHIK'N STRIPS,
MORNINGSTAR FARMS MEAL STARTERS STEAK STRIPS,
MORNINGSTAR FARMS SAUSAGE STYLE RECIPE CRUMBLES,
MORNINGSTAR FARMS VEGGIE BITES BROCCOLI CHEDDAR,
MORNINGSTAR FARMS VEGGIE BITES SPINACH ARTICHOKE,
MORNINGSTAR FARMS VEGGIE CAKES GINGER TERIYAKI,
MORNINGSTAR FARMS VEGGIE CAKES SOUTHWESTERN STYLE,
LAMB,
LAMB,
LAMB,
LAMB,
LAMB,
LAMB,
LAMB,
LAMB,
LAMB,
LAMB,
LAMB,
LAMB,
LAMB,
LAMB,
LAMB,
LAMB,
LAMB,
LAMB,
LAMB,
LAMB,
LAMB,
LAMB,
LAMB,
LAMB,
LAMB,
LAMB,
LAMB,
LAMB,
LAMB,
LAMB,
LAMB,
LAMB,
LAMB,
LAMB,
LAMB,
LAMB,
LAMB,
LAMB,
LAMB,
LAMB,
LAMB,
LAMB,
LAMB,
LAMB,
LAMB,
LAMB,
LAMB,
LAMB,
LAMB,
LAMB,
LAMB,
LAMB,
LAMB,
LAMB,
LAMB,
LAMB,
LAMB,
LAMB,
LAMB,
LAMB,
LAMB,
LAMB,
LAMB,
LAMB,
LAMB,
LAMB,
LAMB,
LAMB,
LAMB,
LAMB,
LAMB,
LAMB,
LAMB,
LAMB,
LAMB,
LAMB,
LAMB,
LAMB,
LAMB,
LAMB,
LAMB,
LAMB,
LAMB,
LAMB,
LAMB,
LAMB,
LAMB,
VEAL,
VEAL,
VEAL,
VEAL,
VEAL,
VEAL,
VEAL,
VEAL,
VEAL,
VEAL,
VEAL,
VEAL,
VEAL,
VEAL,
VEAL,
VEAL,
VEAL,
VEAL,
VEAL,
VEAL,
VEAL,
VEAL,
VEAL,
VEAL,
VEAL,
VEAL,
VEAL,
VEAL,
VEAL,
VEAL,
VEAL,
VEAL,
VEAL,
VEAL,
VEAL,
VEAL,
VEAL,
VEAL,
VEAL,
VEAL,
VEAL,
VEAL,
VEAL,
VEAL,
VEAL,
VEAL,
VEAL,
VEAL,
VEAL,
VEAL,
VEAL,
VEAL,
VEAL,
VEAL,
VEAL,
VEAL,
GAME MEAT,
GAME MEAT,
GAME MEAT,
GAME MEAT,
BISON,
BISON,
GAME MEAT,
GAME MEAT,
GAME MEAT,
GAME MEAT,
GAME MEAT,
GAME MEAT,
GAME MEAT,
GAME MEAT,
GAME MEAT,
GAME MEAT,
GAME MEAT,
GAME MEAT,
GAME MEAT,
GAME MEAT,
GAME MEAT,
GAME MEAT,
GOAT,
GAME MEAT,
GAME MEAT,
GAME MEAT,
GAME MEAT,
GAME MEAT,
GAME MEAT,
GAME MEAT,
GAME MEAT,
GAME MEAT,
GAME MEAT,
GAME MEAT,
GAME MEAT,
GAME MEAT,
GAME MEAT,
GAME MEAT,
GAME MEAT,
LAMB,
LAMB,
LAMB,
VEAL,
VEAL,
VEAL,
LAMB,
LAMB,
VEAL,
VEAL,
LAMB,
LAMB,
VEAL,
VEAL,
LAMB,
LAMB,
LAMB,
VEAL,
VEAL,
VEAL,
LAMB,
LAMB,
VEAL,
VEAL,
LAMB,
LAMB,
LAMB,
VEAL,
VEAL,
LAMB,
LAMB,
VEAL,
VEAL,
VEAL,
VEAL,
LAMB,
LAMB,
VEAL,
VEAL,
LAMB,
LAMB,
LAMB,
LAMB,
LAMB,
LAMB,
LAMB,
LAMB,
LAMB,
LAMB,
LAMB,
LAMB,
LAMB,
LAMB,
LAMB,
LAMB,
LAMB,
LAMB,
LAMB,
LAMB,
LAMB,
LAMB,
LAMB,
LAMB,
LAMB,
LAMB,
LAMB,
LAMB,
LAMB,
LAMB,
LAMB,
LAMB,
LAMB,
LAMB,
LAMB,
LAMB,
LAMB,
LAMB,
LAMB,
LAMB,
LAMB,
LAMB,
GAME MEAT,
GAME MEAT,
GAME MEAT,
VEAL,
VEAL,
VEAL,
VEAL,
VEAL,
VEAL,
VEAL,
VEAL,
VEAL,
VEAL,
LAMB,
LAMB,
LAMB,
LAMB,
LAMB,
LAMB,
LAMB,
LAMB,
LAMB,
LAMB,
LAMB,
LAMB,
LAMB,
LAMB,
LAMB,
LAMB,
LAMB,
LAMB,
LAMB,
LAMB,
LAMB,
LAMB,
LAMB,
LAMB,
LAMB,
LAMB,
LAMB,
LAMB,
LAMB,
LAMB,
LAMB,
LAMB,
LAMB,
LAMB,
LAMB,
LAMB,
LAMB,
LAMB,
LAMB,
LAMB,
LAMB,
LAMB,
LAMB,
LAMB,
LAMB,
LAMB,
LAMB,
LAMB,
LAMB,
LAMB,
GAME MEAT BISON,
GAME MEAT,
GAME MEAT BISON,
GAME MEAT,
GAME MEAT,
GAME MEAT,
GAME MEAT,
GAME MEAT,
GAME MEAT,
GAME MEAT,
GAME MEAT,
GAME MEAT,
GAME MEAT,
GAME MEAT,
GAME MEAT,
GAME MEAT,
GAME MEAT,
GAME MEAT,
GAME MEAT,
BAGEL,
BAGELS,
BAGELS,
BAGELS,
BAGELS,
BAGELS,
BISCUITS,
BISCUITS,
BISCUITS,
BISCUITS,
BISCUITS,
BISCUIT,
BISCUITS,
BISCUITS,
BISCUITS,
BREAD,
BREAD,
BREAD,
BREAD,
BREAD,
BREAD,
BREAD,
BREAD,
BREAD,
BREAD,
BREAD,
BREAD,
BREAD,
BREAD,
BREAD,
BREAD,
BREAD,
BREAD,
BREAD,
BREAD,
BREAD,
BREAD,
BREAD,
BREAD,
BREAD,
BREAD,
BREAD,
BREAD,
BREAD,
BREAD,
BREAD,
BREAD,
BREAD,
BREAD,
BREAD,
BREAD,
BREAD,
BREAD,
BREAD,
BREAD,
BREAD,
BREAD,
BREAD,
BREAD,
BREAD,
BREAD,
BREAD CRUMBS,
BREAD STICKS,
BREAD STUFFING,
BREAD STUFFING,
BREAD STUFFING,
BREAD STUFFING,
CAKE,
CAKE,
CAKE,
CAKE,
CAKE,
CAKE,
CAKE,
CAKE,
CAKE,
CAKE,
CAKE,
COFFEECAKE,
COFFEECAKE,
COFFEECAKE,
COFFEECAKE,
COFFEECAKE,
COFFEECAKE,
CAKE,
CAKE,
CAKE,
CAKE,
CAKE,
CAKE,
CAKE,
CAKE,
CAKE,
Cake,
CAKE,
CAKE,
CAKE,
CAKE,
CAKE,
CAKE,
CAKE,
CAKE,
CAKE,
CAKE,
CAKE,
CAKE,
No Category,
CHEESECAKE PREP FROM MIX,
COOKIES,
COOKIES,
COOKIES,
COOKIES,
COOKIES,
COOKIES,
COOKIES,
COOKIES,
COOKIES,
COOKIES,
COOKIES,
COOKIES,
COOKIES,
COOKIES,
COOKIES,
COOKIES,
COOKIES,
COOKIES,
COOKIES,
COOKIES,
COOKIES,
COOKIES,
COOKIES,
COOKIES,
COOKIES,
COOKIES,
COOKIES,
COOKIES,
COOKIES,
COOKIES,
COOKIES,
COOKIES,
COOKIES,
COOKIES,
COOKIES,
COOKIES,
COOKIES,
COOKIES,
COOKIES,
COOKIES,
COOKIES,
COOKIES,
COOKIES,
COOKIES,
COOKIES,
COOKIES,
COOKIES,
COOKIES,
COOKIES,
COOKIES,
COOKIES,
COOKIES,
COOKIES,
COOKIES,
COOKIES,
PUFF PASTRY,
COOKIES,
COOKIES,
CRACKERS,
CRACKERS,
CRACKERS,
CRACKERS,
CRACKERS,
CRACKERS,
CRACKERS,
CRACKERS,
CRACKERS,
CRACKERS,
CRACKERS,
CRACKERS,
CRACKERS,
CRACKERS,
CRACKERS,
CRACKERS,
CRACKERS,
CRACKERS,
CRACKERS,
CRACKERS,
CRACKERS,
CRACKERS,
No Category,
CREAM PUFFS,
CREAM PUFFS,
CROISSANTS,
CROISSANTS,
CROISSANTS,
CROUTONS,
CROUTONS,
DANISH PASTRY,
DANISH PASTRY,
DANISH PASTRY,
DANISH PASTRY,
Doughnuts,
Doughnuts,
DOUGHNUTS,
DOUGHNUTS,
DOUGHNUTS,
DOUGHNUTS,
DOUGHNUTS,
DOUGHNUTS,
DOUGHNUTS,
ECLAIRS,
ENGLISH MUFFIN,
ENGLISH,
ENGLISH MUFFINS,
ENGLISH MUFFINS,
ENGLISH MUFFINS,
ENGLISH MUFFINS,
ENGLISH MUFFINS,
ENGLISH MUFFINS,
ENGLISH MUFFINS,
ENGLISH MUFFINS,
FRENCH TOAST,
FRENCH TOAST,
HUSH PUPPIES,
ICE CRM CONES,
ICE CRM CONES,
MUFFINS,
MUFFINS,
MUFFINS,
MUFFINS,
MUFFINS,
MUFFINS,
MUFFINS,
MUFFINS,
MUFFINS,
MUFFINS,
MUFFINS,
MUFFINS,
Pancakes plain,
PANCAKES,
PANCAKES,
PANCAKES,
PANCAKES,
PANCAKES,
PANCAKES,
PANCAKES,
PANCAKES,
PANCAKES,
PANCAKES,
PIE,
PIE,
PIE,
PIE,
PIE,
PIE,
PIE,
PIE,
PIE,
PIE,
PIE,
PIE,
PIE,
PIE,
PIE,
PIE,
PIE,
PIE,
PIE,
PIE,
PIE,
PIE,
PIE,
PIE,
PIE CRUST,
PIE CRUST,
PIE CRUST,
PIE CRUST,
PIE CRUST,
PIE CRUST,
PUFF PASTRY,
No Category,
POPOVERS,
ROLLS,
ROLLS,
ROLLS,
ROLLS,
ROLLS,
ROLLS,
ROLLS,
ROLLS,
ROLLS,
ROLLS,
ROLLS,
STRUDEL,
SWEET ROLLS,
SWEET ROLLS,
SWEET ROLLS,
SWEET ROLLS,
TACO SHELLS,
TOASTER PASTRIES,
TOASTER PASTRIES,
TORTILLAS,
TORTILLAS,
WAFFLES,
WAFFLES,
No Category,
LEAVENING AGENTS,
LEAVENING AGENTS,
LEAVENING AGENTS,
LEAVENING AGENTS,
LEAVENING AGENTS,
LEAVENING AGENTS,
LEAVENING AGENTS,
BREAD CRUMBS,
COOKIES,
COOKIES,
BREAD,
BREAD,
BREAD,
MUFFINS,
MUFFINS,
PANCAKES,
ROLLS,
PIE CRUST,
PIE CRUST,
CRACKERS,
PIE CRUST,
PIE CRUST,
WAFFLES,
BAGELS,
BAGELS,
BAGELS,
BREAD,
BREAD,
BREAD,
BREAD,
COFFEECAKE,
CAKE,
CAKE,
CAKE,
COOKIES,
COOKIES,
COOKIES,
CRACKERS,
CRACKERS,
CRACKERS,
CRACKERS,
CRACKERS,
CRACKERS,
DANISH PASTRY,
DANISH PASTRY,
BREAD,
DANISH PASTRY,
CRACKERS,
DANISH PASTRY,
DOUGHNUTS,
ENGLISH MUFFINS,
ENGLISH MUFFINS,
ENGLISH MUFFINS,
PIE,
PIE,
PIE,
PIE CRUST,
POPOVERS,
TACO SHELLS,
TORTILLAS,
TORTILLAS,
CAKE,
CAKE,
CAKE,
COOKIES,
CRACKERS,
BREAKFAST TART,
TOASTER PASTRIES,
TOASTER PASTRIES,
TOASTER PASTRIES,
TOASTER PASTRIES,
TOASTER PASTRIES,
TOASTER PASTRIES,
TOASTER PASTRIES,
TOASTER PASTRIES,
TOASTER PASTRIES,
TOASTER PASTRIES,
TOASTER PASTRIES,
TOASTER PASTRIES,
TOASTER PASTRIES,
TOASTER PASTRIES,
TOASTER PASTRIES,
KELLOGG,
KELLOGG,
KELLOGG,
KELLOGG,
KELLOGG,
KELLOGG,
KELLOGG,
No Category,
No Category,
No Category,
KELLOGG'S POP-TARTS PASTRY SWIRLS,
KELLOGG'S POP-TARTS PASTRY SWIRLS,
KELLOGG'S POP-TARTS PASTRY SWIRLS,
No Category,
ARCHWAY HOME STYLE COOKIES,
ARCHWAY Home Style Cookies,
ARCHWAY Home Style Cookies,
ARCHWAY Home Style Cookies,
ARCHWAY Home Style Cookies,
ARCHWAY Home Style Cookies,
ARCHWAY Home Style Cookies,
ARCHWAY Home Style Cookies,
ARCHWAY Home Style Cookies,
ARCHWAY Home Style Cookies,
ARCHWAY Home Style Cookies,
ARCHWAY Home Style Cookies,
ARCHWAY HOME STYLE COOKIES,
ARCHWAY Home Style Cookies,
ARCHWAY Home Style Cookies,
ARCHWAY Home Style Cookies,
ARCHWAY Home Style Cookies,
ARCHWAY Home Style Cookies,
ARCHWAY Home Style Cookies,
ARCHWAY Home Style Cookies,
ARCHWAY Home Style Cookies,
ARCHWAY HOME STYLE COOKIES,
ARCHWAY Home Style Cookies,
ARCHWAY HOME STYLE COOKIES,
ARCHWAY HOME STYLE COOKIES,
ARCHWAY Home Style Cookies,
ARCHWAY Home Style Cookies,
ARCHWAY Home Style Cookies,
ARCHWAY Home Style Cookies,
ARCHWAY HOME STYLE COOKIES,
ARCHWAY Home Style Cookies,
ARCHWAY Home Style Cookies,
ARCHWAY Home Style Cookies,
ARCHWAY Home Style Cookies,
ARCHWAY Home Style Cookies,
ARCHWAY Home Style Cookies,
ARTIFICIAL BLUEBERRY MUFFIN MIX,
KRAFT,
GENERAL MILLS,
CAKE,
GEORGE WESTON BAKER,
GENERAL MILLS,
KEEBLER,
KEEBLER,
CONTINEN MILL,
MCKEE BAKING,
MARTHA WHITE FOODS,
MARTHA WHITE FOODS,
MISSION FOODS,
NABISCO,
NABISCO,
NABISCO,
NABISCO,
PEPPERIDGE FARM CLASSIC STYLE CROUTONS,
PEPPERIDGE FARM CRUSTY ITALIAN BREAD,
PEPPERIDGE FARM APPL TURNOVERS,
PILLSBURY,
PILLSBURY,
PILLSBURY,
PILLSBURY,
PILLSBURY GRANDS,
PILLSBURY GOLDEN LAYER BTTRMLK BISCUIT,
PILLSBURY,
KRAFT FOODS,
GEORGE WESTON BAKERIES,
HEINZ,
INTERSTATE BRANDS CORP,
GENERAL MILLS,
NABISCO,
Crackers,
USDA CMDTY,
USDA CMDTY,
WAFFLES,
WAFFLE,
WAFFLE,
WAFFLE,
PANCAKES,
TOASTER PASTRIES,
TOASTER PASTRIES,
MUFFIN,
PIE CRUST,
PIE CRUST,
PIE,
PIE CRUST,
PIE CRUST,
PIE CRUST,
PIE CRUST,
BEEF JERKY,
CORN-BASED,
CORN-BASED,
CORN-BASED,
CORN-BASED,
CORN-BASED,
CORN-BASED,
CORNNUTS,
CRISPED RICE BAR,
FRUIT LEATHER,
FRUIT LEATHER,
GRANOLA BARS,
GRANOLA BARS,
GRANOLA BARS,
GRANOLA BARS,
GRANOLA BARS,
GRANOLA BARS,
GRANOLA BARS,
GRANOLA BARS,
GRANOLA BARS,
GRANOLA BARS,
GRANOLA BARS,
ORIENTAL MIX,
DOO DADS SNACK MIX,
SNACKS,
POPCORN,
POPCORN,
POPCORN,
POPCORN,
POPCORN,
POPCORN,
PORK SKINS,
POTATO CHIPS,
POTATO CHIPS,
POTATO CHIPS,
POTATO CHIPS,
PRETZELS,
PRETZELS,
PRETZELS,
RICE CAKES,
RICE CAKES,
RICE CAKES,
TORTILLA CHIPS,
Snacks,
Snacks,
TRAIL MIX,
TRAIL MIX,
TRAIL MIX,
TORTILLA CHIPS,
CANDIES,
CANDIES,
CANDIES,
CANDIES,
CANDIES,
CANDIES,
CANDIES,
CANDIES,
CANDIES,
CANDIES,
BAKING CHOC,
BAKING CHOC,
CANDIES,
CANDIES,
CANDIES,
CANDIES,
CANDIES,
CANDIES,
CANDIES,
CANDIES,
ICE CREAMS,
ICE CREAMS,
ICE CREAMS,
CANDIES,
CANDIES,
CANDIES,
DESSERTS,
ICE CREAMS,
ICE CREAMS,
SHERBET,
CANDIES,
CANDIES,
CANDIES,
CANDIES,
CANDIES,
CANDIES,
CANDIES,
CANDIES,
CANDIES,
CANDIES,
CANDIES,
CANDIES,
CANDIES,
CANDIES,
CANDIES,
SYRUPS,
ICE CREAMS,
CANDIES,
CANDIES,
CANDIES,
CANDIES,
CANDIES,
CANDIES,
PUDDINGS,
PUDDINGS,
PUDDINGS,
BAKING CHOC,
No Category,
CANDIES,
CANDIES,
SYRUPS,
SYRUPS,
CANDIES,
CANDIES,
CANDIES,
CANDIES,
CANDIES,
TOPPINGS,
CANDIES,
BAKING CHOC,
CANDIES,
CANDIES,
CANDIES,
CANDIES,
CANDIES,
CANDIES,
BAKING CHOC,
CANDIES,
CANDIES,
CANDIES,
CANDIES,
CANDIES,
CANDIES,
CANDIES,
CANDIES,
CANDIES,
CANDIES,
CANDIES,
CANDIES,
CANDIES,
CANDIES,
CANDIES,
No Category,
CANDIES,
COCOA,
COCOA,
DESSERTS,
EGG CUSTARDS,
EGG CUSTARDS,
COCOA,
GELATIN DSSRT,
GELATIN DSSRT,
GELATIN DSSRT,
GELATIN DSSRT,
GELATINS,
CANDIES,
DESSERTS,
PUDDINGS,
PUDDINGS,
PUDDINGS,
DESSERTS,
FLAN,
DESSERTS,
PUDDINGS,
PUDDINGS,
PUDDINGS,
PUDDINGS,
PUDDINGS,
PUDDINGS,
PUDDINGS,
PUDDINGS,
PUDDINGS,
PUDDINGS,
PUDDINGS,
PUDDINGS,
EGG CUSTARDS,
PUDDINGS,
PUDDINGS,
PUDDINGS,
PUDDINGS,
PUDDINGS,
RENNIN,
RENNIN,
CANDIES,
FROZEN NOVELTIES,
PUDDINGS,
PUDDINGS,
DESSERTS,
RENNIN,
DESSERTS,
RENNIN,
DESSERTS,
FROSTINGS,
FROSTINGS,
FROSTINGS,
FROSTINGS,
FLAN,
FLAN,
PUDDINGS,
PUDDINGS,
PUDDINGS,
CANDIES,
CANDIES,
CANDIES,
CANDIES,
FROSTINGS,
FROSTINGS,
CANDIES,
FROSTINGS,
FROSTINGS,
FROSTINGS,
CANDIES,
CANDIES,
CANDIES,
CANDIES,
CANDIES,
CANDIES,
CANDIES,
CANDIES,
ICE CREAMS,
ICE CREAMS,
FROZEN NOVELTIES,
ICE CREAMS,
CANDIES,
SNACKS,
ICE CREAMS,
ICE CREAMS,
SNACKS,
CANDIES,
FROZEN NOVELTIES,
FROZEN NOVELTIES,
FROZEN NOVELTIES,
CANDIES,
FROZEN YOGURTS,
FRUIT BUTTERS,
CANDIES,
No Category,
No Category,
No Category,
CANDIES,
CANDIES,
MARMALADE,
No Category,
CANDIES,
CANDIES,
CANDIES,
CANDIES,
PECTIN,
PIE FILLINGS,
CANDIES,
PIE FILLINGS,
CANDIES,
PUDDINGS,
PUDDINGS,
PUDDINGS,
PUDDINGS,
PUDDINGS,
PUDDINGS,
PUDDINGS,
PUDDINGS,
CANDIES,
CANDIES,
CANDIES,
PUDDINGS,
PUDDINGS,
PUDDINGS,
PUDDING,
SUGARS,
SUGARS,
SUGARS,
SWEETENERS,
SUGARS,
SYRUPS,
SYRUPS,
SYRUPS,
SYRUPS,
SYRUPS,
SYRUPS,
SYRUPS,
SYRUPS,
CANDIES,
SYRUPS,
SYRUPS,
SYRUPS,
CANDIES,
TOPPINGS,
TOPPINGS,
TOPPINGS,
TOPPINGS,
CANDIES,
CANDIES,
CANDIES,
FROSTINGS,
FROSTINGS,
FROSTINGS,
CANDIES,
CANDIES,
CANDIES,
CANDIES,
FROZEN NOVELTIES,
FROZEN YOGURTS,
No Category,
CORNNUTS,
CORNNUTS,
GRANOLA BARS,
GRANOLA BARS,
GRANOLA BARS,
SNACKS,
PORK SKINS,
FROSTING,
SNACK,
POTATO CHIPS,
POTATO CHIPS,
RICE CAKES,
RICE CAKES,
No Category,
RICE CAKES,
SESAME STKS,
GRANOLA BARS,
POTATO CHIPS,
POTATO CHIPS,
SNACKS,
SNACKS,
TORTILLA CHIPS,
CHEESE PUFFS&TWISTS,
SNACKS,
POPCORN,
POTATO CHIPS,
SNACKS,
SNACKS,
SNACKS,
SNACKS,
SNACKS,
Snacks,
No Category,
CANDIES,
GELATIN DSSRT,
GELATIN DSSRT,
GELATIN DSSRT,
PUDDINGS,
PUDDINGS,
PUDDINGS,
PUDDINGS,
PUDDINGS,
JAMS&PRESERVES,
SYRUPS,
CORN CAKES,
SNACKS,
SNACKS,
POPCORN,
POPCORN,
POTATO CHIPS,
POTATO CHIPS,
POTATO CHIPS,
PRETZELS,
PRETZELS,
SNACKS,
RICE CAKES,
RICE CAKES,
RICE CAKES,
RICE CAKES,
SESAME STKS,
TRAIL MIX,
TRAIL MIX,
POTATO CHIPS,
TORTILLA CHIPS,
FROZEN NOVELTIES,
SNACKS,
CANDIES,
COCOA,
COCOA,
CANDIES,
ICE CREAMS,
SWEETENERS,
FROZEN NOVELTIES,
FROZEN NOVELTIES,
FROZ NOVELTIES,
FRZ NVL,
ICE CREAMS,
ICE CREAMS,
ICE CREAMS,
ICE CREAMS,
ICE CREAMS,
ICE CREAMS,
ICE CREAMS,
ICE CREAMS,
ICE CREAMS,
ICE CREAMS,
FROZEN NOVELTIES,
FROZEN NOVELTIES,
FROZEN NOVELTIES,
FROZEN NOVELTIES,
FROZEN NOVELTIES,
FROZEN NOVL,
FROZEN NOVELTIES,
FROZEN NOVELTIES,
ICE CREAMS,
ICE CREAMS,
ICE CREAMS,
CANDIES,
CANDIES,
ICE CREAMS,
ICE CREAMS,
CANDIES,
CANDIES,
CANDIES,
CANDIES,
AMARANTH,
AMARANTH GRAIN,
No Category,
BARLEY,
BARLEY,
BARLEY,
No Category,
BUCKWHEAT GROATS,
BUCKWHEAT GROATS,
BUCKWHEAT FLR,
BULGUR,
BULGUR,
CORN,
CORN BRAN,
CORN FLR,
CORN FLR,
CORN FLR,
CORNMEAL,
CORNMEAL,
CORNMEAL,
CORNMEAL,
CORNMEAL,
No Category,
COUSCOUS,
COUSCOUS,
HOMINY,
MILLET,
MILLET,
OAT BRAN,
OAT BRAN,
QUINOA,
RICE,
RICE,
No Category,
RICE,
RICE,
RICE,
RICE,
RICE,
RICE,
RICE,
RICE,
RICE,
RICE,
RICE,
RICE,
RICE,
RICE,
RICE,
RICE,
RICE,
RICE BRAN,
RICE FLOUR,
No Category,
RYE FLOUR,
RYE FLOUR,
RYE FLOUR,
SEMOLINA,
No Category,
TAPIOCA,
No Category,
TRITICALE FLR,
WHEAT,
WHEAT,
WHEAT,
WHEAT,
WHEAT,
WHEAT,
WHEAT BRAN,
WHEAT GERM,
WHEAT FLOUR,
WHEAT FLR,
WHEAT FLR,
WHEAT FLR,
WHEAT FLR,
WHEAT FLR,
WHEAT,
WILD RICE,
WILD RICE,
RICE FLOUR,
PASTA,
PASTA,
PASTA,
PASTA,
PASTA,
PASTA,
PASTA,
PASTA,
MACARONI,
MACARONI,
MACARONI,
MACARONI,
MACARONI,
MACARONI,
MACARONI,
MACARONI,
NOODLES,
NOODLES,
NOODLES,
NOODLES,
NOODLES,
NOODLES,
NOODLES,
NOODLES,
NOODLES,
NOODLES,
SPAGHETTI,
SPAGHETTI,
SPAGHETTI,
SPAGHETTI,
SPAGHETTI,
SPAGHETTI,
SPAGHETTI,
SPAGHETTI,
WHEAT FLOURS,
No Category,
No Category,
OAT FLR,
RICE NOODLES,
RICE NOODLES,
QUINOA,
KAMUT,
KAMUT,
SPELT,
SPELT,
TEFF,
TEFF,
MACARONI,
MACARONI,
NOODLES,
CORN,
CORN FLR,
CORN FLR,
CORN FLR,
CORNMEAL,
SPAGHETTI,
CORNMEAL,
CORNMEAL,
CORNMEAL,
CORNMEAL,
HOMINY,
RICE,
WHEAT FLR,
MACARONI,
NOODLES,
NOODLES,
SPAGHETTI,
SPAGHETTI,
CORNMEAL,
RICE,
RICE,
RICE,
RICE,
RICE,
RICE,
RICE,
RICE,
SEMOLINA,
WHEAT FLR,
MACARONI,
NOODLES,
SPAGHETTI,
CORNMEAL,
SPAGHETTI,
RICE,
WHEAT FLR,
SPAGHETTI,
WHEAT FLR,
WHEAT FLR,
WHEAT FLR,
WHEAT FLR,
WHEAT FLR,
WHEAT FLR,
WHEAT FLR,
WHEAT FLR,
WHEAT FLR,
WHEAT FLR,
WHEAT FLR,
WHEAT FLR,
No Category,
FAST FOODS,
FAST FOODS,
BREAKFAST ITEMS,
FAST FOODS,
FAST FOODS,
FAST FOODS,
FAST FOODS,
FAST FOODS,
FAST FOODS,
FAST FOODS,
FAST FOODS,
FAST FOODS,
FAST FOODS,
FAST FOODS,
FAST FOODS,
FAST FOODS,
FAST FOODS,
FAST FOODS,
FAST FOODS,
FAST FOODS,
FAST FOODS,
FAST FOODS,
FAST FOODS,
FAST FOODS,
FAST FOODS,
FAST FOODS,
FAST FOODS,
FAST FOODS,
FAST FOODS,
FAST FOODS,
FAST FOODS,
FAST FOODS,
FAST FOODS,
FAST FOODS,
ENTREES,
ENTREES,
FAST FOODS,
FAST FOODS,
FAST FOODS,
FAST FOODS,
FAST FOODS,
FAST FOODS,
FAST FOODS,
FAST FOODS,
FAST FOODS,
FAST FOODS,
FAST FOODS,
FAST FOODS,
FAST FOODS,
FAST FOODS,
FAST FOODS,
FAST FOODS,
FAST FOODS,
FAST FOODS,
FAST FOODS,
FAST FOODS,
FAST FOODS,
FAST FOODS,
FAST FOODS,
FAST FOODS,
FAST FOODS,
FAST FOODS,
FAST FOODS,
FAST FOODS,
FAST FOODS,
FAST FOODS,
FAST FOODS,
FAST FOODS,
FAST FOODS,
FAST FOODS,
FAST FOODS,
FAST FOODS,
FAST FOODS,
No Category,
FAST FOODS,
FAST FOODS,
FAST FOODS,
FAST FOODS,
FAST FOODS,
FST FOODS,
FAST FOODS,
FAST FOODS,
FAST FOODS,
FAST FOODS,
FAST FOODS,
FAST FOODS,
FAST FOODS,
FAST FOODS,
FAST FOODS,
FAST FOODS,
FAST FOODS,
FAST FOODS,
FAST FOODS,
FAST FOODS,
FAST FOODS,
FAST FOODS,
FAST FOODS,
FAST FOODS,
FAST FOODS,
FAST FOODS,
FAST FOODS,
FAST FOODS,
FAST FOODS,
FAST FOODS,
FAST FOODS,
FAST FOODS,
FAST FOODS,
SANDWICHES&BURGERS,
SANDWICHES&BURGERS,
FAST FOODS,
FAST FOODS,
FAST FOODS,
FAST FOODS,
FAST FOODS,
FAST FOODS,
FAST FOODS,
FAST FOODS,
FAST FOODS,
FAST FOODS,
FAST FOODS,
FAST FOODS,
FST FOODS,
FAST FOODS,
SIDE DISHES,
BURGER KING,
FAST FOODS,
PIZZA,
PIZZA,
PIZZA,
PIZZA,
McDONALD'S,
FAST FOODS,
FAST FOODS,
MCDONALD'S,
MCDONALD'S,
MCDONALD'S,
MCDONALD'S,
MCDONALD'S,
MCDONALD'S,
WENDY'S,
WENDY'S,
WENDY'S,
WENDY'S,
WENDY'S,
WENDY'S,
WENDY'S,
WENDY'S,
WENDY'S,
WENDY'S,
BURGER KING,
BURGER KING,
BURGER KING,
BURGER KING,
BURGER KING,
Burger king,
BURGER KING,
BURGER KING,
BURGER KING,
BURGER KING,
TACO BELL,
TACO BELL,
TACO BELL,
TACO BELL,
TACO BELL,
TACO BELL,
TACO BELL,
TACO BELL,
TACO BELL,
TACO BELL,
TACO BELL,
PIZZA HUT 12 CHS PIZZA,
PIZZA HUT 12 CHS PIZZA,
PIZZA HUT 12 CHS PIZZA,
PIZZA HUT 12 PEPPERONI PIZZA,
PIZZA HUT 12 PEPPERONI PIZZA,
PIZZA HUT 12 SUPER SUPREME PIZZA,
DOMINO'S 14 Cheese Pizza,
DOMINO'S 14 Cheese Pizza,
DOMINO'S 14 Cheese Pizza,
DOMINO'S 14 Pepperoni Pizza,
DOMINO'S 14 Pepperoni Pizza,
No Category,
PAPA JOHN'S 14 CHS PIZZA,
PAPA JOHN'S 14 PEPPERONI PIZZA,
PAPA JOHN'S 14 THE WORKS PIZZA,
PAPA JOHN'S 14 CHS PIZZA,
LITTLE CAESARS 14 ORIGINAL RND CHS PIZZA,
LITTLE CAESARS 14 ORIGINAL RND PEPPERONI PIZZA,
LITTLE CAESARS 14 ORIGINAL RND MEAT & VEG PIZZA,
LITTLE CAESARS 14 CHS PIZZA,
LITTLE CAESARS 14 PEPPERONI PIZZA,
LITTLE CAESARS 14 CHS PIZZA,
PIZZA HUT 14 CHS PIZZA,
PIZZA HUT 14 CHS PIZZA,
PIZZA HUT 14 CHS PIZZA,
PIZZA HUT 14 PEPPERONI PIZZA,
PIZZA HUT 14 PEPPERONI PIZZA,
PIZZA HUT 14 SUPER SUPREME PIZZA,
FST FD,
FAST FD,
FAST FD,
FAST FD,
FAST FD,
FAST FD,
Egg,
No Category,
Egg,
MCDONALD'S,
MCDONALD'S,
MCDONALD'S,
MCDONALD'S,
MCDONALD'S,
MCDONALD'S,
MCDONALD'S,
MCDONALD'S,
MCDONALD'S,
MCDONALD'S,
MCDONALD'S,
MCDONALD'S,
MCDONALD'S,
MCDONALD'S,
MCDONALD'S,
MCDONALD'S,
MCDONALD'S,
MCDONALD'S,
MCDONALD'S,
MCDONALD'S,
MCDONALD'S,
MCDONALD'S,
MCDONALD'S,
MCDONALD'S,
MCDONALD'S,
MCDONALD'S,
MCDONALD'S,
MCDONALD'S,
MCDONALD'S,
MCDONALD'S,
MCDONALD'S,
MCDONALD'S,
MCDONALD'S,
MCDONALD'S,
MCDONALD'S,
MCDONALD'S,
MCDONALD'S,
MCDONALD'S,
MCDONALD'S,
MCDONALD'S,
MCDONALD'S,
MCDONALD'S,
MCDONALD'S,
MCDONALD'S,
MCDONALD'S,
MCDONALD'S,
MCDONALD'S,
MCDONALD'S,
MCDONALD'S,
MCDONALD'S,
MCDONALD'S,
MCDONALD'S,
MCDONALD'S,
MCDONALD'S,
MCDONALD'S,
MCDONALD'S,
MCDONALD'S,
MCDONALD'S,
MCDONALD'S,
MCDONALD'S,
MCDONALD'S,
MCDONALD'S,
MCDONALD'S,
No Category,
MCDONALD'S,
MCDONALD'S,
MCDONALD'S,
MCDONALD'S,
MCDONALD'S,
BURGER KING,
BURGER KING,
BURGER KING,
BURGER KING,
BURGER KING,
FAST FOODS,
FAST FOODS,
FT FDS,
FAST FOODS,
FAST FOODS,
FAST FOODS,
FAST FOODS,
FAST FDS,
FAST FOODS,
FAST FDS,
FAST FOODS,
FAST FOODS,
MCDONALD'S,
MCDONALD'S,
MCDONALD'S,
MCDONALD'S,
MCDONALD'S,
MCDONALD'S,
MCDONALD'S,
FAST FOODS,
FAST FOODS,
FAST FOODS,
LIGHT ICE CRM,
LIGHT ICE CRM,
POPEYES,
POPEYES,
POPEYES,
POPEYES,
POPEYES,
KENTUCKY FRIED CHICK,
KENTUCKY FRIED CHICK,
KENTUCKY FRIED CHICK,
KENTUCKY FRIED CHICK,
KENTUCKY FRIED CHICK,
KENTUCKY FRIED CHICK,
KENTUCKY FRIED CHICK,
KENTUCKY FRIED CHICK,
KENTUCKY FRIED CHICK,
KENTUCKY FRIED CHICK,
KENTUCKY FRIED CHICK,
KENTUCKY FRIED CHICK,
KENTUCKY FRIED CHICK,
KENTUCKY FRIED CHICK,
KENTUCKY FRIED CHICK,
KENTUCKY FRIED CHICK,
KENTUCKY FRIED CHICK,
KENTUCKY FRIED CHICK,
KENTUCKY FRIED CHICK,
KENTUCKY FRIED CHICK,
KENTUCKY FRIED CHICK,
KENTUCKY FRIED CHICK,
KENTUCKY FRIED CHICK,
POPEYES,
POPEYES,
POPEYES,
POPEYES,
POPEYES,
POPEYES,
POPEYES,
POPEYES,
POPEYES,
POPEYES,
POPEYES,
POPEYES,
POPEYES,
POPEYES,
POPEYES,
POPEYES,
POPEYES,
POPEYES,
MCDONALD'S,
KRAFT MACARONI & CHEESE DINNER ORIGINAL FLAVOR,
MORNINGSTAR FARMS GARDEN VEGGIE PATTIES,
MORNINGSTAR FARMS AMERICA'S ORIGINAL VEGGIE DOG,
MORNINGSTAR FARMS GRILLERS RECIPE CRUMBLES,
MORNINGSTAR FARMS GRILLERS VEGAN,
MORNINGSTAR FARMS VEGGIE SAUSAGE PATTIES,
MORNINGSTAR FARMS SPICY BLACK BEAN BURGER,
GREEN GIANT,
LOMA LINDA BIG FRANKS,
MORNINGSTAR FARMS VEGAN BURGER MADE W/ ORG SOY,
NESTLE,
NESTLE,
NESTLE,
Macaroni and Cheese,
JIMMY DEAN,
SPAGHETTI W/ MEAT SAU,
HEALTHY CHOIC BF MACARONI,
NALLEY CHILI CON CARNE W/BNS,
OLD EL PASO CHILI W/BNS,
CHEF BOYARDEE BF RAVIOLI IN TOMATO & MEAT SAU,
CHEF BOYARDEE BEEFARONI,
CHEF BOYARDEE MINI RAVIOLI,
CHEF BOYARDEE SPAGHETTI & MEATBALLS IN TOMATO SAU,
PASTA W/SLICED FRANKS IN TOMATO SAU,
BANQUET CHICK POT PIE,
MARIE CALLENDER'S CHICK POT PIE,
STOUFFER'S CHICK PIE,
TURKEY POT PIE,
BEEF POT PIE,
HOT POCKETS,
HOT POCKETS,
HOT POCKETS HAM 'N CHS STUFFED SNDWCH,
RED BARON PREMIUM POCKETS,
STOUFFER'S STUFFED PEPPERS W/ BF IN TOMATO SAU,
STOUFFER'S LASAGNA W/ MEAT & SAU,
BANQUET ORIG FRIED CHK THIGH,
STOUFFER'S LN CUISINE SPAGHETTI W/ MEATBALLS & SAU,
STOUFFER'S LN CUISINE SWEDISH MEATBALLS W/ PASTE,
STOUFFER'S LN CUISINE MACARONI & BF IN TOMATO SAU,
STOUFFER'S LN CUISINE CHICK & VEG W/ VERMICELLI,
STOUFFER'S LN CUISINE HS BF POT RST W/ WHIPPED POTATOES,
STOUFFER'S CRMD CHIPPED BF,
STOUFFER'S LN CUISINE SPAGHETTI W/ MEAT SAU,
STOUFFER'S LN CUISINE ORIENTAL BF W/ VEG & RICE,
STOUFFER'S HOMESTYLE SALISBURY STEAK IN GRAVY & MAC& CHS,
PATIO BF & BEAN BURRITO,
STOUFFER'S LN CUISINE HS STUFF CAB W/ MEAT SAU&WHPED POT,
HEALTHY CHOIC CHICK TERIYAKI W/RICE MEDLEY BROCCOLI,
HC CHK ENCHI SUPMA IN GRN CHILI SAU,
CINNAMON SWIRL FRENCH TOAST W/SAUSAGE,
SCRAMBLED EGGS&SAUSAGE W/HASHED BROWN POTATOES,
GREEN GIANT,
THE BUDGET GOURMET,
BANQUET TKY & GRY W/DRESS ,
No Category,
No Category,
SMART ONES,
SMART ONES,
MARIE CALLENDER'S BF STROGANOFF & NOODLES,
BREAKFAST BURRITO,
TYSON CHICK FAJITA KIT,
BANQUET HEARTY ONE STK DIN,
KID CUISINE CHK NUG,
BANQUET SLCED BF W/GRY,
HORMEL,
HORMEL CORNED BF HASH,
BETTY CROCKER,
HODGSON MILL,
LIPTON,
HORMEL CHILI,
HORMEL TURKEY CHILI W/BNS,
FREEZER QUEEN GRAVY&SLICED BF MEAL,
BANQUET GRY & SALURY STK W/ MSHD POT & CORN IN SEASONSAU,
HEALTHY CHOIC MESQ CHK BBQ,
STAGG DYNAMITE CHILI W/BNS,
STAGG RANCHHOUSE CHILI W/BNS,
STAGG CLASSIC CHILI W/BNS,
STAGG COUNTRY CHILI W/BNS,
STAGG SILVERADO CHILI W/BNS,
HORMEL CHILI W/BNS,
HORMEL VEGETARIAN CHILI W/BNS,
HORMEL RST BF HASH,
TORTELLINI,
PIZZA,
CHILI CON CARNE W/BNS,
BEEF STEW,
CHICKEN POT PIE,
PASTA W/MEATBALLS IN TOMATO SAU,
BEEF,
LASAGNA,
CHILI,
SPAGHETTI,
SPAGHETTI,
LASAGNA W/ MEAT & SAU,
LASAGNA W/ MEAT & SAU,
BURRITO,
BURRITO,
HC TRADITION MT LF W/BRN SAU,
HC SALBRY STK W/MSHRM GRVY,
HC CONTRY RSTD TKY W/CRANBERRY APPL SAU,
HC MESQ BF W/BBQ SAU,
MARIE CALLENDER TKY W/GRY & DRSNG W/ MSHD POT,
WEIGHT WATCHERS SMART ONES,
MORNINGSTAR FARMS VEGGIE MEDLEY W/ ORG SOY,
BURRITO,
BURRITO,
CAMPBELL,
CAMPBELL,
CAMPBELL SOUP COMPANY,
CAMPBELL SOUP COMPANY,
SPAGHETTIOS,
CAMPBELL,
CAMPBELL SOUP COMPANY,
CAMPBELL ,
CAMPBELL ,
CAMPBELL SOUP COMPANY,
CAMPBELL ,
CAMPBELL,
CAMPBELL ,
SUPPER BAKES MEAL KITS,
CAMPBELL,
CAMPBELL,
CAMPBELL SUPPER BAKES MEAL KITS,
CAMPBELL,
CAMPBELL,
CAMPBELL,
CAMPBELL SOUP COMPANY,
CAMPBELL SOUP COMPANY,
EGG ROLLS,
EGG ROLLS,
EGG ROLLS,
LASAGNA,
TKY,
RICE BOWL W/ CHICK,
BEEF,
BEEF,
BEEF,
BEEF,
BEEF,
BEEF,
BEEF,
BEEF,
BEEF,
BF,
BEEF,
BF,
BF,
BF,
BF,
BEEF,
BF,
BF,
BF,
BF,
BF,
BF,
BF,
BEEF,
BF,
BEEF,
BF,
BF,
BF,
BEEF,
BF,
BF,
BF,
BEEF,
BF,
BF,
BF,
BEEF,
BF,
BEEF,
BF,
BF,
BF,
BF,
USDA COMMODITY,
USDA COMMODITY,
USDA COMMODITY,
USDA COMMODITY,
USDA COMMODITY,
USDA COMMODITY,
BEEF,
BEEF,
BEEF,
BEEF,
BEEF,
BEEF,
BEEF,
BEEF,
BEEF,
BEEF,
BEEF,
BEEF,
BEEF,
BEEF,
BEEF,
BEEF,
BEEF,
BEEF,
BEEF,
BEEF,
BEEF,
BEEF,
BEEF,
BEEF,
BEEF,
BEEF,
BEEF,
BEEF,
BEEF,
BEEF,
BEEF,
BEEF,
BEEF,
BEEF,
BEEF,
BEEF,
BEEF,
BEEF,
BEEF,
BEEF,
BEEF,
BEEF,
BEEF,
BEEF,
BEEF,
BEEF,
BEEF,
BEEF,
BEEF,
BEEF,
BEEF,
BEEF,
BEEF,
BEEF,
BEEF,
BEEF,
BEEF,
BEEF,
BEEF,
BEEF,
BEEF,
BEEF,
BEEF,
BEEF,
BEEF,
BEEF,
BEEF,
BEEF,
BEEF,
BEEF,
BEEF,
BEEF,
BEEF,
BEEF,
BEEF,
BEEF,
BEEF,
BEEF,
BEEF,
BEEF,
BEEF,
BEEF,
BEEF,
BEEF,
BEEF,
BEEF,
BEEF,
BEEF,
BEEF,
BEEF,
BEEF,
BEEF,
BEEF,
BEEF,
BEEF,
BEEF,
BEEF,
BEEF,
BEEF,
BEEF,
BEEF,
BEEF,
BEEF,
BEEF,
BEEF,
BEEF,
BEEF,
BEEF,
BEEF,
BEEF,
BEEF,
BEEF,
BEEF,
BEEF,
BEEF,
BEEF,
BEEF,
BEEF,
POPCORN,
POPCORN,
Snacks,
FORM BAR,
FORM BAR,
FORM,
SNACKS,
FORM BAR,
SNACKS,
FORM BAR,
Snacks,
Snacks,
SNACKS,
Form Bar,
Form Bar,
Formulated bar,
FORM BAR,
SNACKS,
SNACKS,
PRETZELS,
Snacks,
POPCORN,
No Category,
SNACKS,
SOUP,
SOUP,
SOUP,
CAMPBELL,
CAMPBELL,
CAMPBELL,
CAMPBELL'S CHNKY,
CAMPBELL SOUPS,
CAMPBELL,
CAMPBELL,
CAMPBELL,
CAMPBELL,
CAMPBELL,
CAMPBELL,
CAMPBELL,
CAMPBELL,
CAMPBELL,
CAMPBELL,
CAMPBELL,
CAMPBELL,
CAMPBELL,
CAMPBELL,
CAMPBELL,
CAMPBEL,
CAMPBELL,
CAMPBELL,
CAMPBELL SOUP COMPANY,
CAMPBELL SOUP COMPANY,
CAMPBELL SOUP COMPANY,
CAMPBELL SOUP COMPANY,
CAMPBELL,
CAMPBELL,
CAMPBELL,
CAMPBELL SOUP COMPANY,
CAMPBELL SOUP COMPANY,
CAMPBELL SOUP COMPANY,
CAMPBELL SOUP COMPANY,
CAMPBELL SOUP COMPANY,
CAMPBELL SOUP COMPANY,
CAMPBELL SOUP COMPANY,
No Category,
CAMPBELL SOUP COMPANY,
CAMPBELL SOUP COMPANY,
CAMPBELL SOUP COMPANY,
CAMPBELL SOUP COMPANY,
CAMPBELL SOUP COMPANY,
CAMPBELL SOUP COMPANY,
AGUTUK,
AGUTUK,
AGUTUK,
No Category,
BEAR,
BEAR,
WHALE,
WHALE,
Whale,
WHALE,
WHALE,
OIL,
BLACKBERRIES,
FISH,
BLUEBERRIES,
CARIBOU,
CARIBOU,
CARIBOU,
STEW/SOUP,
CARIBOU,
CHITON,
CLOUDBERRIES,
COCKLES,
CRANBERRIES,
CRANBERRY,
FISH,
FIREWEED,
FISH,
FISH,
FISH,
FISH,
HUCKLEBERRIES,
FISH,
FISH,
STEW,
MOOSE,
MASHU ROOTS,
MOOSE,
MOUSE NUTS,
MOUSE NUTS,
No Category,
Seal,
SEAL,
OIL,
OOPAH (TUNICATE),
OWL,
FISH,
RHUBARB,
FISH,
FISH,
FISH,
FISH,
FISH,
DUCK,
SEA CUCUMBER,
SEAL,
SOUP,
SOURDOCK,
SQUIRREL,
TEA,
WALRUS,
DEER (VENISON),
WALRUS,
WALRUS,
WALRUS,
OIL,
WHALE,
WHALE,
OIL,
FISH,
FISH,
FISH,
WILLOW,
WILLOW,
MUSH,
CORNMEAL,
MELON,
No Category,
CORN,
CORN,
CORNMEAL,
CORNMEAL,
SQUASH,
SQUASH,
BREAD,
Mutton,
FRYBREAD,
TORTILLA,
STEW,
STEW,
STEW,
No Category,
STEW,
FISH,
FISH,
Fish,
FISH,
FISH,
SALMONBERRIES,
BLUEBERRIES,
OIL,
Fish,
Fish,
CARIBOU,
CARIBOU,
CARIBOU,
SEAL,
Fish,
FISH,
FISH,
FISH,
FISH,
SEAL,
FISH,
Elk,
ELK,
Buffalo,
SEAL,
BUFFALO,
Elk,
Elk,
CHOKECHERRIES,
STEELHEAD TROUT,
STEELHEAD TROUT,
No Category,
CORN,
SMELT,
FRYBREAD,
No Category,
TENNIS BREAD,
FISH,
SALMON,
AGAVE,
AGAVE,
AGAVE,
CATTAIL,
LAMBSQUARTERS,
LAMBSQUARTERS,
PLAINS PRICKLYPEAR,
PLAINS PRICKLYPEAR,
PRAIRIE TURNIPS,
PRAIRIE TURNIPS,
RASPBERRIES,
ROSE HIPS,
CHOKECHERRIES,
PLUMS,
PINON NUTS,
SEA LION,
SEA LION,
SEA LION,
SEA LION,
SEA LION,
SEA LION,
SYRUPS,
FRUIT-FLAVORED DRK,
PECTIN,
FROZ NOVLT,
CEREALS RTE,
CREAMY DRSNG,
IMITATION CHS,
BABYFOOD,
BABYFOOD,
TURKEY HAM,
BOLOGNA,
TURKEY BACON,
MILK DSSRT,
WHIPPED TOPPING,
CREAM SUB,
SALAD DRSNG,
MAYONNAISE,
GRANOLA BAR,
SALAD DRSNG,
CREAM SUB,
CANDIES,
No Category,
BABYFOOD,
VEGETABLE OIL-BUTTER SPRD,
SALAD DRSNG,
CHEESE,
CRMY DRSG,
CREAMY DRSNG,
BOLOGNA,
SALAD DRSNG,
TURKEY&PORK SAUSAGE,
MAYONNAISE,
FRANKFURTER,
No Category,
No Category,
CANDIES,
CEREALS RTE,
FROZEN YOGURTS,
FROZEN YOGURTS,
FROZEN YOGURTS,
FRANKFURTER,
MILK,
PORK SAUSAGE RICE LINKS,
SALAD DRSNG,
SALAD DRSNG,
CANDIES,
No Category,
RICE CAKE,
CHEESE,
CANDIES,
SALAD DRSNG,
No Category,
CHEESE,
CEREALS RTE,
CEREALS RTE,
CEREALS RTE,
TURKEY,
MARGARINE-LIKE SPRD,
CHEESE PRODUCT,
POPCORN,
CEREALS RTE,
SAUSAGE,
CEREALS RTE,
BABYFOOD,
BABYFOOD,
No Category,
GRANOLA BAR,
BABYFOOD,
BABYFOOD,
FRANKFURTER,
POTATO CHIPS,
BABYFOOD,
BABYFOOD,
OIL,
MILK,
PEANUT BUTTER,
CEREALS RTE,
CHEESE,
CHEESE,
BUTTER-MARGARINE BLEND,
VEGETABLE OIL-BUTTER SPRD,
MARGARINE-LIKE SPRD,
MARGARINE-LIKE SPRD,
BABYFOOD,
BABYFOOD,
BABYFOOD,
BABYFOOD,
BABYFOOD,
SALAD DRSNG,
SALAD DRESSING,
SALAD DRSNG,
SALAD DRSNG,
SALAD DRSNG,
SALAD DRSNG,
SYRUPS,
JAMS & PRESERVES,
CANDIES,
CANDIES,
CANDIES,
CANDIES,
CANDIES,
CHEWING GUM,
FLUID REPLCMNT,
BEVERAGE,
PIE FILLINGS,
BREAKFAST BARS,
PRETZELS,
BEANS,
VERMICELLI,
BEANS,
CHICKEN,
FISH STICKS,
FRANKFURTER,
LUNCHEON SLICES,
MEATBALLS,
No Category,
SANDWICH SPREAD,
No Category,
No Category,
RADISHES,
CABBAGE,
CABBAGE,
EGGPLANT,
ALCOHOLIC BEV,
ALCOHOLIC BEV,
SWEETENERS,
BEVERAGE,
BACON BITS,
BUTTER REPLCMNT,
SALAD DRSNG,
SWEETENERS,
TOMATO SAU,
CEREALS,
CEREALS RTE,
CEREALS RTE,
BEVERAGE,
YOGURT,
WHIPPED CRM SUB,
FROZEN NOVELTIES,
CHEESE,
CHEESE,
CHEESE,
CHEESE SPRD,
CHEESE,
QUAIL,
PHEASANT,
EGGS,
DOVE,
PORK,
SOYBEAN,
CEREALS,
POTATOES,
VEGETABLES,
PORK,
PORK,
PORK,
SALAD DRSNG,
SALAD DRSNG,
CHEESE,
COFFEE&COCOA (MOCHA) PDR,
FRUIT-FLAVORED DRK,
FROZEN NOVELTIES,
SAUERKRAUT,
CHEESE,
MAYONNAISE,
SNACKS,
TOMATO&VEG JUC,
TURKEY,
TURKEY,
CHOCOLATE-FLAVORED DRK,
APPLE CIDER-FLAVORED DRK,
BABYFOOD,
PORK,
CHEESE,
CRANBERRY JUC,
BEEF,
TURNIP GRNS,
APPLE CIDER-FLAVORED DRK,
TURKEY,
TURKEY,
PALM HEARTS,
CEREALS RTE,
CHEESE,
CHEESE,
COFFEE,
CRANBERRY-APPLE JUC DRK,
CHEESE,
No Category,
BABYFOOD,
CHICKEN,
BABYFOOD,
BABYFOOD,
ROLLS,
SNACKS,
BAKED BNS,
FROZEN NOVELITES,
No Category,
ALCOHOLIC BEV,
MILLET,
CEREALS RTE,
JELLYFISH,
FROZEN NOVELT,
FRANKFURTER,
CEREAL RTE,
FROZEN NOVELTIES,
BABYFOOD,
ENSURE PLUS,
BABYFOOD,
BABYFOOD,
BABYFOOD,
BABYFOOD,
BABYFOOD,
ICE CREAMS,
MILK,
BABYFOOD,
BABYFOOD,
SNACKS,
CEREALS RTE,
POPCORN,
No Category,
BABYFOOD,
CHEESE,
BREAKFAST BAR,
CHEESE,
MAYONNAISE DRSNG,
SALAD DRSNG,
OIL,
SWEETENERS,
CHEESE FOOD,
CELERY FLAKES,
PUDDINGS,
JELLIES,
PIE FILLINGS,
COCKTAIL MIX,
PUDDINGS,
PUDDINGS,
PUDDINGS,
FRUIT-FLAVORED DRK MIX,
No Category,
FROG LEGS,
MACKEREL,
SCALLOP,
SNAIL,
TURTLE,
